ticket_id,customer_name,email,query_type,issue_summary,product,priority,status,assigned_department,response_time_hours,satisfaction_score,created_at
1,Mathew Myers,staceywagner@example.org,Feature Request,Customer requested advanced analytics dashboard.,AI Assistant,Low,Closed,Support,67,3,2026-02-05
2,Gabriella Griffith,savagechad@example.org,Order Delay,Package delivery delayed due to logistics issue.,CRM Suite,High,Pending,Support,7,4,2026-04-27
3,Kristin Thomas,brian16@example.net,Order Delay,Package delivery delayed due to logistics issue.,Marketing Tool,Medium,Open,Support,29,2,2026-04-14
4,Nathan Ramsey,mitchell21@example.net,Product Inquiry,Client requested product demo.,AI Assistant,Low,Closed,Sales,47,4,2026-02-15
5,Aaron Brown,hmack@example.org,Refund Request,Refund requested for defective product.,CRM Suite,Medium,Open,Billing,12,3,2026-05-28
6,Kristy Jones,ppineda@example.com,Order Delay,Customer has not received order confirmation.,AI Assistant,Low,Closed,Support,50,5,2026-02-24
7,Jasmine Kent,feliciasalazar@example.com,Feature Request,User wants WhatsApp integration.,Marketing Tool,Low,Open,Support,84,2,2026-05-04
8,Thomas Hernandez,jeffrey42@example.com,Technical Support,Application crashes during checkout.,AI Assistant,Critical,Open,Technical,8,1,2026-02-19
9,Isabel Smith,douglas76@example.net,Order Delay,Package delivery delayed due to logistics issue.,Marketing Tool,Medium,Pending,Support,13,4,2026-04-16
10,Victoria Martinez,jared66@example.com,Order Delay,Package delivery delayed due to logistics issue.,CRM Suite,Medium,Open,Support,34,2,2026-03-31
11,Jill Price,matthew62@example.net,Product Inquiry,Customer asked about premium plan features.,Automation Platform,Low,Open,Sales,54,1,2026-04-13
12,Daniel Lee,stacydaniel@example.net,Order Delay,Package delivery delayed due to logistics issue.,Automation Platform,Low,Closed,Support,58,5,2026-03-12
13,Kimberly Gallagher,tbrooks@example.org,Product Inquiry,Inquiry about AI automation capabilities.,Automation Platform,Low,Closed,Sales,46,4,2026-03-18
14,Brian Pearson,rebecca96@example.org,Refund Request,Refund requested for defective product.,CRM Suite,Low,Pending,Billing,71,3,2026-02-08
15,Juan Moore,bgiles@example.org,Billing Inquiry,Refund not received after cancellation.,Analytics Dashboard,Low,Closed,Billing,66,3,2026-03-28
16,Daniel Bradley,joshuareese@example.net,Refund Request,Refund delayed beyond expected timeline.,CRM Suite,High,Open,Billing,16,2,2026-05-30
17,James Casey,edwardstewart@example.org,Feature Request,Client suggested multi-language support.,Analytics Dashboard,Low,Resolved,Support,39,4,2026-05-24
18,Timothy Stewart,lowekristin@example.org,Order Delay,Customer has not received order confirmation.,Analytics Dashboard,Medium,Open,Support,34,2,2026-01-05
19,Scott Brown,edwardsrachel@example.org,Account Access,Customer account locked after failed login attempts.,AI Assistant,High,Open,Technical,11,2,2026-05-25
20,Daniel Pittman,cindy59@example.com,Account Access,Password reset email not received.,AI Assistant,High,Pending,Technical,12,3,2026-04-03
21,Christopher Turner,rachelhernandez@example.com,Technical Support,Customer cannot reset password.,CRM Suite,Critical,Resolved,Technical,2,5,2026-01-23
22,Lisa Moore,rgraves@example.net,Product Inquiry,Inquiry about AI automation capabilities.,Analytics Dashboard,Medium,Resolved,Sales,26,5,2026-02-18
23,Mary Thomas,cdavis@example.org,Product Inquiry,Customer wants pricing details.,AI Assistant,Medium,Open,Sales,12,3,2026-03-15
24,John Wang,sarah99@example.org,Product Inquiry,Customer wants pricing details.,Automation Platform,High,Open,Sales,7,2,2026-03-28
25,Tracy Potts,nicole15@example.org,Account Access,Password reset email not received.,Automation Platform,Medium,Open,Technical,20,1,2026-02-04
26,Eric Long,danieldonovan@example.net,Refund Request,Refund delayed beyond expected timeline.,Marketing Tool,High,Open,Billing,7,2,2026-02-08
27,Erica Dawson,gomeztonya@example.com,Feature Request,Client suggested multi-language support.,AI Assistant,Low,Pending,Support,75,2,2026-01-04
28,Leslie Frey,melissa38@example.com,Billing Inquiry,Refund not received after cancellation.,CRM Suite,Medium,Resolved,Billing,26,4,2026-04-12
29,Allison Flores,brettallen@example.com,Refund Request,Refund requested for defective product.,CRM Suite,Medium,Pending,Billing,13,3,2026-02-21
30,Jeffrey Williams,vhopkins@example.net,Feature Request,Customer requested dark mode feature.,CRM Suite,Medium,Resolved,Support,24,4,2026-01-07
31,William Weber,turnerjames@example.com,Billing Inquiry,Invoice amount does not match the selected plan.,Marketing Tool,Medium,Resolved,Billing,14,4,2026-03-15
32,Michael Nelson,zrogers@example.net,Account Access,Password reset email not received.,Automation Platform,Medium,Open,Technical,20,1,2026-03-24
33,Gordon Hahn,andrea74@example.com,Refund Request,Customer wants refund for accidental purchase.,Marketing Tool,Medium,Open,Billing,13,2,2026-01-17
34,Tamara Miller,michelle10@example.org,Technical Support,Website loads very slowly on mobile devices.,CRM Suite,Medium,Resolved,Technical,18,4,2026-05-28
35,Benjamin Brooks,ashleyyoung@example.org,Order Delay,Customer has not received order confirmation.,CRM Suite,Low,Pending,Support,51,2,2026-01-15
36,Adam Roman,mooreconnie@example.com,Product Inquiry,Customer wants pricing details.,CRM Suite,Low,Open,Sales,60,3,2026-05-03
37,Rachel Rodriguez,browndominic@example.net,Billing Inquiry,Refund not received after cancellation.,CRM Suite,Medium,Closed,Billing,13,4,2026-01-16
38,Nathan Davis,omoody@example.org,Technical Support,Customer cannot reset password.,AI Assistant,High,Resolved,Technical,19,5,2026-01-10
39,Jasmine Garrett,thomasgonzalez@example.com,Account Access,Customer account locked after failed login attempts.,Automation Platform,Critical,Open,Technical,6,3,2026-04-28
40,Julie Dennis,ramoswilliam@example.org,Billing Inquiry,Customer requested payment receipt.,Marketing Tool,Medium,Resolved,Billing,13,3,2026-02-04
41,Deborah Humphrey,hollywarner@example.org,Refund Request,Customer cancelled order and requested refund.,CRM Suite,High,Open,Billing,8,2,2026-02-06
42,Frank Braun,ralphhuff@example.com,Feature Request,Customer requested dark mode feature.,Marketing Tool,Low,Pending,Support,76,2,2026-04-27
43,Martin Robinson,madison38@example.org,Order Delay,Package delivery delayed due to logistics issue.,Marketing Tool,High,Open,Support,11,2,2026-05-08
44,Melinda Campbell,calvinbrown@example.com,Billing Inquiry,Invoice amount does not match the selected plan.,CRM Suite,Medium,Resolved,Billing,19,3,2026-05-23
45,Perry Jordan,vsmith@example.net,Account Access,User unable to access admin panel.,AI Assistant,High,Resolved,Technical,14,3,2026-01-18
46,Raymond Rocha,carrolljessica@example.com,Billing Inquiry,Customer requested payment receipt.,CRM Suite,High,Pending,Billing,4,4,2026-03-29
47,Robert Wood,kathryn58@example.net,Account Access,Password reset email not received.,Automation Platform,High,Pending,Technical,11,2,2026-02-06
48,Christopher Vazquez,dmarshall@example.com,Billing Inquiry,Invoice amount does not match the selected plan.,Marketing Tool,Medium,Open,Billing,31,2,2026-03-20
49,Steven Hayes,joanncruz@example.org,Billing Inquiry,Invoice amount does not match the selected plan.,Analytics Dashboard,Low,Resolved,Billing,30,5,2026-01-28
50,Jane Berg,reginaldsmith@example.net,Account Access,Customer account locked after failed login attempts.,CRM Suite,Critical,Pending,Technical,5,3,2026-02-03
51,Tracy Robinson,myersedward@example.com,Product Inquiry,Customer wants pricing details.,Marketing Tool,Low,Open,Sales,67,2,2026-02-08
52,James Torres,jeremy79@example.net,Refund Request,Refund requested for defective product.,CRM Suite,Medium,Open,Billing,14,2,2026-04-07
53,Travis Moore,gomezdaniel@example.com,Account Access,Password reset email not received.,CRM Suite,High,Pending,Technical,4,3,2026-05-18
54,Dylan Young,alara@example.com,Technical Support,Unable to login to the dashboard.,Automation Platform,Critical,Resolved,Technical,3,5,2026-01-03
55,Lynn Morgan,gabriella69@example.org,Billing Inquiry,Customer was charged twice for the subscription.,CRM Suite,Medium,Closed,Billing,34,4,2026-04-27
56,Douglas Hardy,mikewaller@example.org,Product Inquiry,Inquiry about AI automation capabilities.,AI Assistant,Low,Open,Sales,41,3,2026-01-04
57,Jason Clark,haley57@example.com,Technical Support,Application crashes during checkout.,Automation Platform,Critical,Open,Technical,3,1,2026-04-18
58,Riley Hale,tammyharrington@example.net,Order Delay,Package delivery delayed due to logistics issue.,Analytics Dashboard,Medium,Open,Support,19,1,2026-02-14
59,Lisa Li,tracyharrison@example.org,Feature Request,Client suggested multi-language support.,Automation Platform,Low,Open,Support,81,2,2026-03-02
60,Anna Christensen,christopher77@example.net,Refund Request,Customer wants refund for accidental purchase.,CRM Suite,High,Closed,Billing,14,5,2026-05-22
61,Jerry Waters,jennifer50@example.com,Product Inquiry,Client requested product demo.,AI Assistant,Medium,Resolved,Sales,15,4,2026-02-17
62,Aaron Kelly,yhoffman@example.com,Technical Support,Website loads very slowly on mobile devices.,AI Assistant,High,Open,Technical,18,1,2026-03-04
63,Mr. Stephen Gonzalez,susanharper@example.org,Feature Request,User wants WhatsApp integration.,AI Assistant,Low,Pending,Support,64,3,2026-02-27
64,Nancy Lee,john66@example.net,Order Delay,Customer has not received order confirmation.,Automation Platform,Medium,Closed,Support,18,4,2026-01-03
65,Dan Phillips,pearsonkathryn@example.org,Technical Support,Unable to login to the dashboard.,AI Assistant,Critical,Open,Technical,7,2,2026-03-13
66,Theodore Hernandez,mpeters@example.com,Technical Support,Unable to login to the dashboard.,AI Assistant,Critical,Resolved,Technical,7,4,2026-05-28
67,Timothy Bryant,jasminechavez@example.org,Technical Support,Website loads very slowly on mobile devices.,AI Assistant,High,Open,Technical,10,2,2026-04-24
68,Tyler Martinez,angela52@example.com,Technical Support,Customer cannot reset password.,CRM Suite,Critical,Pending,Technical,1,2,2026-05-20
69,Alexander Hamilton,randall59@example.org,Account Access,Password reset email not received.,AI Assistant,High,Pending,Technical,7,3,2026-05-05
70,Keith Carroll,sharpjennifer@example.com,Feature Request,User wants WhatsApp integration.,Automation Platform,Low,Closed,Support,67,3,2026-01-13
71,Brenda Garcia,shelbyyoung@example.com,Product Inquiry,Inquiry about AI automation capabilities.,AI Assistant,Low,Pending,Sales,53,4,2026-03-11
72,Jason Potter,dmorales@example.net,Order Delay,Order tracking information not updating.,AI Assistant,Medium,Pending,Support,19,3,2026-03-22
73,Jennifer Moore,olsenshane@example.org,Feature Request,Customer requested dark mode feature.,Marketing Tool,Low,Open,Support,62,1,2026-05-29
74,Debbie Allen,williamsmegan@example.org,Product Inquiry,Inquiry about AI automation capabilities.,Marketing Tool,Medium,Resolved,Sales,18,4,2026-04-03
75,Daniel Hall,stephanietaylor@example.com,Billing Inquiry,Customer was charged twice for the subscription.,Analytics Dashboard,High,Resolved,Billing,7,4,2026-03-04
76,Mark Foster,travis68@example.org,Technical Support,Unable to login to the dashboard.,CRM Suite,High,Open,Technical,9,1,2026-01-08
77,Andrew Perez,ssmith@example.org,Product Inquiry,Inquiry about AI automation capabilities.,AI Assistant,Low,Closed,Sales,74,5,2026-04-23
78,Katrina Calderon,ilewis@example.org,Order Delay,Customer reported delayed shipment.,CRM Suite,High,Pending,Support,9,3,2026-05-02
79,Diana Hawkins,mmoore@example.net,Product Inquiry,Customer wants pricing details.,Automation Platform,Low,Closed,Sales,37,3,2026-02-19
80,Gabriel Green,santosshannon@example.com,Feature Request,Client suggested multi-language support.,CRM Suite,Medium,Pending,Support,41,1,2026-04-28
81,Megan Carrillo,jackwilliams@example.org,Billing Inquiry,Refund not received after cancellation.,Marketing Tool,Medium,Resolved,Billing,23,3,2026-05-25
82,Christine Wolf,marissa39@example.com,Feature Request,User wants WhatsApp integration.,AI Assistant,Low,Resolved,Support,39,4,2026-03-12
83,Matthew Hall,jay04@example.org,Account Access,Two-factor authentication not working.,AI Assistant,High,Open,Technical,10,2,2026-02-12
84,Shannon Clark,dcortez@example.com,Billing Inquiry,Customer was charged twice for the subscription.,Marketing Tool,High,Pending,Billing,12,2,2026-04-27
85,Tammie Castillo,laura31@example.net,Product Inquiry,Customer wants pricing details.,Marketing Tool,Low,Closed,Sales,67,3,2026-01-21
86,Sarah Harvey,arroyosarah@example.com,Technical Support,Website loads very slowly on mobile devices.,CRM Suite,High,Pending,Technical,9,2,2026-03-28
87,Keith Moore,richardsondebbie@example.com,Billing Inquiry,Invoice amount does not match the selected plan.,Marketing Tool,Medium,Open,Billing,27,2,2026-05-25
88,Angela Butler,evansaustin@example.org,Feature Request,Customer requested dark mode feature.,Analytics Dashboard,High,Resolved,Support,16,5,2026-02-28
89,Jesus Randolph,davidfields@example.net,Product Inquiry,Customer asked about premium plan features.,Analytics Dashboard,Low,Closed,Sales,79,4,2026-01-06
90,Tara Thompson,millerjimmy@example.net,Product Inquiry,Customer wants pricing details.,Analytics Dashboard,Low,Open,Sales,68,3,2026-05-15
91,Debra Warner,sbrown@example.org,Product Inquiry,Customer wants pricing details.,Automation Platform,Medium,Open,Sales,31,2,2026-02-11
92,Michael Johnson,dreynolds@example.com,Technical Support,Website loads very slowly on mobile devices.,AI Assistant,Medium,Open,Technical,13,2,2026-02-03
93,Laura Williams,chungnancy@example.net,Product Inquiry,Client requested product demo.,Automation Platform,Medium,Open,Sales,30,2,2026-02-24
94,Christina Adams,sylvia33@example.net,Account Access,Two-factor authentication not working.,CRM Suite,Critical,Open,Technical,3,3,2026-03-28
95,Whitney Williams,shansen@example.com,Refund Request,Customer cancelled order and requested refund.,CRM Suite,Medium,Closed,Billing,13,4,2026-02-14
96,Natalie Mitchell,georgestephen@example.com,Technical Support,Customer cannot reset password.,AI Assistant,Medium,Resolved,Technical,29,3,2026-04-16
97,Matthew Watson,malikfowler@example.com,Product Inquiry,Inquiry about AI automation capabilities.,AI Assistant,Medium,Open,Sales,21,2,2026-02-03
98,Jacqueline Lucero,dylan78@example.com,Order Delay,Package delivery delayed due to logistics issue.,Marketing Tool,Low,Closed,Support,72,4,2026-03-11
99,Angelica King,marvinhoward@example.com,Account Access,Password reset email not received.,AI Assistant,High,Open,Technical,9,2,2026-03-29
100,Shannon Martin,coopersamantha@example.net,Order Delay,Customer reported delayed shipment.,Analytics Dashboard,Medium,Resolved,Support,19,3,2026-01-29
101,Kimberly Collier,melissaberry@example.org,Refund Request,Customer wants refund for accidental purchase.,Analytics Dashboard,Medium,Open,Billing,28,2,2026-05-15
102,Rodney Gilmore,stonebarbara@example.com,Technical Support,Unable to login to the dashboard.,CRM Suite,High,Open,Technical,6,4,2026-04-17
103,Carmen Perez,tracy55@example.net,Technical Support,Website loads very slowly on mobile devices.,AI Assistant,High,Open,Technical,5,3,2026-03-18
104,Sabrina Robinson,kara13@example.net,Product Inquiry,Client requested product demo.,Marketing Tool,Low,Open,Sales,24,3,2026-05-06
105,Ruben Woodard,jenniferbarry@example.net,Refund Request,Refund delayed beyond expected timeline.,Analytics Dashboard,High,Open,Billing,11,3,2026-01-21
106,Thomas Neal MD,nturner@example.net,Account Access,Password reset email not received.,AI Assistant,Medium,Closed,Technical,23,5,2026-05-04
107,Robert Johnson,phillipsjamie@example.net,Technical Support,Unable to login to the dashboard.,CRM Suite,Critical,Open,Technical,9,1,2026-01-14
108,Jesse Wilson,dorothy09@example.com,Feature Request,Customer requested advanced analytics dashboard.,CRM Suite,Low,Pending,Support,49,4,2026-03-08
109,Daniel Patterson,lreid@example.org,Order Delay,Order tracking information not updating.,AI Assistant,High,Open,Support,8,1,2026-05-12
110,Andre Flores Jr.,ycallahan@example.net,Account Access,User unable to access admin panel.,Automation Platform,Critical,Pending,Technical,6,2,2026-05-30
111,Michael Oliver,stacy70@example.com,Account Access,Customer account locked after failed login attempts.,CRM Suite,Critical,Open,Technical,6,3,2026-01-08
112,Olivia Miller,amy13@example.net,Billing Inquiry,Customer requested payment receipt.,Marketing Tool,Medium,Resolved,Billing,34,3,2026-05-19
113,Anna James,john70@example.com,Billing Inquiry,Customer requested payment receipt.,Marketing Tool,Medium,Resolved,Billing,23,5,2026-03-02
114,Michele Hayes,rdavis@example.org,Account Access,User unable to access admin panel.,Automation Platform,Critical,Open,Technical,6,2,2026-04-26
115,Phyllis Walls,ljones@example.com,Feature Request,Customer requested dark mode feature.,Analytics Dashboard,Low,Pending,Support,41,3,2026-02-23
116,Jasmine Buckley,kingdavid@example.net,Refund Request,Refund requested for defective product.,CRM Suite,Medium,Pending,Billing,32,3,2026-04-06
117,Jesse Nash,robertsmark@example.org,Billing Inquiry,Customer requested payment receipt.,Marketing Tool,Medium,Resolved,Billing,14,4,2026-05-14
118,Ryan Gonzalez,ywright@example.net,Account Access,Customer account locked after failed login attempts.,Automation Platform,Critical,Open,Technical,3,2,2026-05-07
119,Patricia Williams,jeffreyglenn@example.net,Refund Request,Customer cancelled order and requested refund.,CRM Suite,Medium,Open,Billing,16,2,2026-04-06
120,Jeremy Haynes,garciadonald@example.net,Refund Request,Refund delayed beyond expected timeline.,Marketing Tool,Medium,Open,Billing,17,2,2026-04-28
121,Jessica Richardson,hsmith@example.net,Feature Request,User wants WhatsApp integration.,AI Assistant,Medium,Closed,Support,39,2,2026-03-13
122,Ashley Wells,samuel61@example.org,Product Inquiry,Inquiry about AI automation capabilities.,CRM Suite,Medium,Resolved,Sales,13,4,2026-01-17
123,Travis Howard,phunter@example.org,Order Delay,Package delivery delayed due to logistics issue.,AI Assistant,High,Resolved,Support,13,4,2026-01-24
124,Brandon Lopez,seanbarajas@example.com,Technical Support,Customer cannot reset password.,CRM Suite,High,Resolved,Technical,11,4,2026-04-19
125,Austin Tyler,brandiwilson@example.org,Order Delay,Order tracking information not updating.,Analytics Dashboard,Medium,Resolved,Support,14,3,2026-02-15
126,Eric Francis,dsmith@example.net,Billing Inquiry,Customer was charged twice for the subscription.,Marketing Tool,High,Resolved,Billing,7,3,2026-01-03
127,Maxwell Richards,turnerlisa@example.com,Product Inquiry,Customer asked about premium plan features.,Analytics Dashboard,Low,Pending,Sales,66,2,2026-02-17
128,Rebecca Lopez,nmendoza@example.org,Account Access,Customer account locked after failed login attempts.,Automation Platform,Critical,Resolved,Technical,2,4,2026-02-03
129,Mark Weaver,thomasdavid@example.net,Billing Inquiry,Customer was charged twice for the subscription.,CRM Suite,High,Resolved,Billing,13,4,2026-01-29
130,Andrea Palmer,knightjohn@example.com,Account Access,Two-factor authentication not working.,Automation Platform,Critical,Open,Technical,5,2,2026-05-02
131,Darin Baker,goodwinbrad@example.com,Order Delay,Order tracking information not updating.,Analytics Dashboard,Low,Pending,Support,58,2,2026-06-01
132,Corey Barber,peter93@example.net,Technical Support,Website loads very slowly on mobile devices.,AI Assistant,Critical,Open,Technical,8,1,2026-01-25
133,Travis Hicks,wlucas@example.net,Technical Support,Customer cannot reset password.,AI Assistant,High,Pending,Technical,11,3,2026-01-31
134,Joseph Crawford,reynoldsanthony@example.org,Billing Inquiry,Refund not received after cancellation.,CRM Suite,Medium,Resolved,Billing,36,3,2026-04-20
135,Steven Thomas,woodphillip@example.com,Feature Request,Customer requested dark mode feature.,CRM Suite,Low,Pending,Support,56,3,2026-05-07
136,Sylvia Turner,samantha78@example.com,Order Delay,Customer has not received order confirmation.,AI Assistant,Medium,Open,Support,25,1,2026-03-16
137,Sara Lawrence,taylordavis@example.com,Account Access,Password reset email not received.,Automation Platform,High,Pending,Technical,12,2,2026-03-08
138,Lisa Brown,sarah49@example.net,Product Inquiry,Inquiry about AI automation capabilities.,Automation Platform,Low,Open,Sales,31,4,2026-02-14
139,Taylor Solomon,michaeltorres@example.com,Order Delay,Customer reported delayed shipment.,AI Assistant,Medium,Resolved,Support,18,5,2026-04-11
140,Diana Harper,kaylazamora@example.org,Billing Inquiry,Invoice amount does not match the selected plan.,Marketing Tool,Medium,Closed,Billing,36,3,2026-05-30
141,Cheryl Parks,james79@example.net,Account Access,Password reset email not received.,AI Assistant,Critical,Open,Technical,4,2,2026-02-03
142,Nathan Carter,jamietyler@example.com,Technical Support,Website loads very slowly on mobile devices.,CRM Suite,High,Open,Technical,19,2,2026-02-05
143,Rhonda Brooks,rwashington@example.net,Billing Inquiry,Customer was charged twice for the subscription.,Analytics Dashboard,Medium,Closed,Billing,27,4,2026-03-31
144,Brianna Obrien,david68@example.com,Product Inquiry,Customer wants pricing details.,AI Assistant,Low,Closed,Sales,30,5,2026-01-01
145,Robert Scott,jgibson@example.net,Account Access,Password reset email not received.,CRM Suite,Critical,Pending,Technical,4,3,2026-02-23
146,Jennifer Baker,ffuller@example.net,Account Access,Customer account locked after failed login attempts.,CRM Suite,High,Pending,Technical,3,4,2026-01-21
147,James Wilson,davidwolf@example.org,Account Access,Password reset email not received.,AI Assistant,High,Open,Technical,4,3,2026-01-08
148,Destiny Dunn,david16@example.org,Order Delay,Order tracking information not updating.,Marketing Tool,Medium,Resolved,Support,34,3,2026-01-08
149,Lacey Smith,tiffany44@example.com,Feature Request,Customer requested advanced analytics dashboard.,Automation Platform,Low,Open,Support,62,2,2026-02-16
150,Luke Duncan,sarah53@example.org,Feature Request,Customer requested dark mode feature.,Marketing Tool,Low,Open,Support,56,2,2026-01-05
151,Emily Robinson,nharris@example.org,Account Access,User unable to access admin panel.,AI Assistant,Critical,Resolved,Technical,1,4,2026-02-01
152,Patrick Irwin,lisa11@example.org,Refund Request,Customer wants refund for accidental purchase.,Analytics Dashboard,Medium,Resolved,Billing,25,4,2026-03-20
153,Joe Martin,samantharamirez@example.org,Product Inquiry,Customer wants pricing details.,CRM Suite,Low,Resolved,Sales,39,3,2026-02-16
154,Jessica Valencia,ogriffin@example.org,Order Delay,Customer reported delayed shipment.,Analytics Dashboard,Medium,Resolved,Support,12,3,2026-01-16
155,Jeremy Hernandez,wjefferson@example.com,Product Inquiry,Inquiry about AI automation capabilities.,Automation Platform,Medium,Open,Sales,29,3,2026-01-05
156,Denise Macias,hkim@example.com,Feature Request,Customer requested dark mode feature.,Analytics Dashboard,Low,Open,Support,52,3,2026-03-04
157,Jordan Hughes,xobrien@example.org,Billing Inquiry,Invoice amount does not match the selected plan.,Marketing Tool,Medium,Closed,Billing,36,3,2026-05-17
158,Russell Vega,kristinclark@example.com,Feature Request,Client suggested multi-language support.,Analytics Dashboard,Low,Closed,Support,72,3,2026-03-10
159,David Roberts,nicolasrich@example.org,Account Access,Two-factor authentication not working.,AI Assistant,Critical,Pending,Technical,5,3,2026-05-14
160,Dana Wolfe,bmarquez@example.com,Feature Request,Customer requested dark mode feature.,Automation Platform,Low,Pending,Support,49,4,2026-04-22
161,James Henry,fblankenship@example.com,Product Inquiry,Client requested product demo.,Analytics Dashboard,Low,Pending,Sales,76,3,2026-02-19
162,Derrick Buck,timothy23@example.net,Product Inquiry,Customer wants pricing details.,AI Assistant,Low,Open,Sales,63,2,2026-05-06
163,Kiara Gonzalez,wernermichael@example.org,Billing Inquiry,Invoice amount does not match the selected plan.,Analytics Dashboard,Medium,Pending,Billing,35,3,2026-01-18
164,Caitlin Gilbert,wrightalicia@example.com,Order Delay,Customer has not received order confirmation.,Automation Platform,Medium,Open,Support,28,3,2026-03-29
165,Charles Graham,jeremycollins@example.net,Technical Support,Application crashes during checkout.,CRM Suite,High,Closed,Technical,13,5,2026-01-13
166,Brandon Williams,keithharrison@example.com,Refund Request,Customer wants refund for accidental purchase.,Analytics Dashboard,High,Open,Billing,8,2,2026-02-02
167,Robert Gonzalez,jonescraig@example.org,Refund Request,Refund requested for defective product.,Marketing Tool,Medium,Open,Billing,18,2,2026-04-14
168,Joel Hodges,ericfrederick@example.org,Product Inquiry,Inquiry about AI automation capabilities.,Automation Platform,Low,Open,Sales,26,3,2026-01-02
169,Christopher Nelson,masonpatricia@example.com,Technical Support,Unable to login to the dashboard.,AI Assistant,High,Open,Technical,9,1,2026-01-27
170,John Bradford,michelleflowers@example.net,Order Delay,Customer has not received order confirmation.,CRM Suite,Medium,Resolved,Support,14,4,2026-02-24
171,Jesse Mckinney,fernandoobrien@example.org,Account Access,Customer account locked after failed login attempts.,AI Assistant,High,Pending,Technical,3,4,2026-01-14
172,Mrs. Donna Rice,zbyrd@example.net,Technical Support,Unable to login to the dashboard.,Automation Platform,Critical,Pending,Technical,2,3,2026-04-16
173,Stacy Owens,kristin96@example.com,Product Inquiry,Customer asked about premium plan features.,AI Assistant,Low,Pending,Sales,75,4,2026-04-12
174,Carol Hodge,lindaclark@example.net,Account Access,Two-factor authentication not working.,AI Assistant,Critical,Pending,Technical,2,3,2026-03-13
175,Ashley Strong,xbennett@example.org,Product Inquiry,Inquiry about AI automation capabilities.,Analytics Dashboard,Low,Pending,Sales,58,2,2026-03-03
176,Dr. Daniel Hampton,shannongarza@example.net,Refund Request,Refund delayed beyond expected timeline.,Marketing Tool,Critical,Open,Billing,3,2,2026-01-28
177,Elizabeth Sanchez,lesterrebecca@example.com,Refund Request,Refund delayed beyond expected timeline.,Analytics Dashboard,Medium,Resolved,Billing,12,3,2026-04-05
178,Micheal Watson,stevenperry@example.org,Account Access,Customer account locked after failed login attempts.,Automation Platform,High,Open,Technical,6,3,2026-02-17
179,Stephanie Livingston,nathaniel57@example.com,Order Delay,Package delivery delayed due to logistics issue.,CRM Suite,High,Pending,Support,11,4,2026-05-07
180,Angela Carter,ewilliams@example.org,Refund Request,Customer cancelled order and requested refund.,CRM Suite,Medium,Pending,Billing,18,3,2026-03-10
181,Eric Hunter,gaydustin@example.net,Product Inquiry,Customer wants pricing details.,Marketing Tool,Low,Pending,Sales,79,4,2026-04-20
182,Alexander Robinson,andrew65@example.net,Product Inquiry,Inquiry about AI automation capabilities.,Analytics Dashboard,Low,Pending,Sales,76,3,2026-03-31
183,Gabriel Richardson,stephensonkatherine@example.com,Order Delay,Package delivery delayed due to logistics issue.,Automation Platform,Medium,Closed,Support,31,4,2026-05-29
184,Mary Kelley,lutzeric@example.com,Product Inquiry,Customer asked about premium plan features.,CRM Suite,Low,Pending,Sales,64,3,2026-03-06
185,Jessica Sharp,douglas31@example.net,Billing Inquiry,Refund not received after cancellation.,CRM Suite,Medium,Open,Billing,30,2,2026-03-16
186,Daniel Williams,mckayjames@example.net,Technical Support,Application crashes during checkout.,Automation Platform,Critical,Pending,Technical,6,3,2026-02-07
187,Roger Hernandez,veronica30@example.org,Refund Request,Refund requested for defective product.,Analytics Dashboard,High,Open,Billing,16,1,2026-02-01
188,Deborah Webb,robinsonrose@example.org,Product Inquiry,Customer wants pricing details.,AI Assistant,Medium,Open,Sales,26,1,2026-05-11
189,Bobby Stevens PhD,melissa49@example.net,Feature Request,User wants WhatsApp integration.,CRM Suite,Low,Closed,Support,76,3,2026-04-17
190,Robin Rivera,alison98@example.net,Product Inquiry,Inquiry about AI automation capabilities.,Automation Platform,Low,Pending,Sales,47,2,2026-02-24
191,Paula Sanchez,hamiltonjoseph@example.net,Billing Inquiry,Refund not received after cancellation.,Marketing Tool,Medium,Closed,Billing,19,4,2026-02-28
192,Dr. Jared Crane MD,daniel28@example.org,Account Access,User unable to access admin panel.,AI Assistant,Critical,Pending,Technical,2,3,2026-02-12
193,Danielle Stein,terrywilliam@example.com,Feature Request,User wants WhatsApp integration.,Analytics Dashboard,Low,Pending,Support,58,3,2026-05-25
194,Keith Evans,franciscoolson@example.net,Billing Inquiry,Customer requested payment receipt.,Marketing Tool,Medium,Resolved,Billing,19,5,2026-01-13
195,Tammy Brown,jbriggs@example.com,Billing Inquiry,Customer was charged twice for the subscription.,Marketing Tool,Medium,Resolved,Billing,34,4,2026-04-02
196,Felicia Wood,joe76@example.net,Order Delay,Customer has not received order confirmation.,Marketing Tool,Medium,Open,Support,14,1,2026-02-11
197,Samuel Mitchell,matthewharper@example.net,Billing Inquiry,Customer requested payment receipt.,CRM Suite,Low,Closed,Billing,62,3,2026-03-15
198,Ashlee Miller,hernandezroy@example.org,Billing Inquiry,Customer requested payment receipt.,Analytics Dashboard,Medium,Closed,Billing,24,4,2026-05-16
199,Wendy Smith,antoniocarter@example.com,Feature Request,Customer requested dark mode feature.,Automation Platform,Low,Open,Support,64,2,2026-05-12
200,Samantha Howard,williamspatricia@example.com,Product Inquiry,Client requested product demo.,CRM Suite,Medium,Open,Sales,39,1,2026-01-20
201,Kevin Mcneil,underwoodjames@example.org,Refund Request,Customer wants refund for accidental purchase.,CRM Suite,High,Open,Billing,8,3,2026-03-17
202,Katherine Adams,christina81@example.net,Refund Request,Customer cancelled order and requested refund.,Analytics Dashboard,Low,Pending,Billing,57,3,2026-02-25
203,Joel Phelps,dawngraves@example.org,Refund Request,Refund delayed beyond expected timeline.,CRM Suite,High,Resolved,Billing,14,5,2026-04-07
204,Melissa Johnson,elizabeth77@example.com,Billing Inquiry,Invoice amount does not match the selected plan.,CRM Suite,Medium,Resolved,Billing,13,4,2026-04-09
205,Matthew Briggs,proman@example.com,Order Delay,Customer has not received order confirmation.,Marketing Tool,High,Resolved,Support,11,4,2026-05-10
206,David Hernandez,benjaminbrown@example.org,Order Delay,Customer has not received order confirmation.,Marketing Tool,Low,Closed,Support,70,3,2026-01-29
207,Jerry Hernandez,campbellmarvin@example.com,Refund Request,Customer wants refund for accidental purchase.,CRM Suite,Medium,Closed,Billing,17,4,2026-04-23
208,John Ortiz,sharon37@example.net,Feature Request,User wants WhatsApp integration.,Automation Platform,Low,Pending,Support,68,2,2026-01-07
209,James Reed,johnsonmelissa@example.com,Technical Support,Website loads very slowly on mobile devices.,Automation Platform,Medium,Open,Technical,12,1,2026-03-17
210,Jonathan Barrett,ubowers@example.com,Product Inquiry,Customer wants pricing details.,Automation Platform,Medium,Open,Sales,21,3,2026-01-26
211,Nichole Zimmerman,susan92@example.org,Account Access,Password reset email not received.,AI Assistant,Medium,Closed,Technical,29,4,2026-02-01
212,Jennifer Tucker,eddie23@example.net,Billing Inquiry,Refund not received after cancellation.,Marketing Tool,Low,Pending,Billing,60,2,2026-04-28
213,Donald Harris Jr.,townsendcrystal@example.net,Account Access,User unable to access admin panel.,AI Assistant,Critical,Pending,Technical,1,4,2026-03-08
214,Jacqueline Smith,gingram@example.org,Billing Inquiry,Refund not received after cancellation.,Marketing Tool,Low,Pending,Billing,49,3,2026-02-10
215,Michael Hodge,alyssa89@example.net,Technical Support,Website loads very slowly on mobile devices.,AI Assistant,High,Resolved,Technical,8,5,2026-04-29
216,Randy Simon,gibsonjennifer@example.net,Account Access,Password reset email not received.,Automation Platform,Medium,Resolved,Technical,31,4,2026-02-26
217,Nicole Williams,andrew91@example.com,Order Delay,Customer reported delayed shipment.,Analytics Dashboard,Medium,Pending,Support,26,4,2026-03-23
218,Suzanne Lynch,sandradavenport@example.org,Refund Request,Refund delayed beyond expected timeline.,CRM Suite,Critical,Open,Billing,3,3,2026-03-29
219,Steven Phelps,elizabethriley@example.com,Order Delay,Customer has not received order confirmation.,CRM Suite,Low,Open,Support,53,2,2026-02-21
220,Daryl Walker,aallen@example.com,Product Inquiry,Customer asked about premium plan features.,Analytics Dashboard,Low,Open,Sales,75,2,2026-01-10
221,Rebekah Hill,usmith@example.net,Technical Support,Customer cannot reset password.,CRM Suite,Critical,Resolved,Technical,10,2,2026-03-01
222,Mary Crawford,amandatran@example.org,Billing Inquiry,Customer was charged twice for the subscription.,Analytics Dashboard,High,Open,Billing,11,2,2026-02-15
223,Jasmine Swanson,amygonzalez@example.net,Refund Request,Customer cancelled order and requested refund.,Analytics Dashboard,High,Resolved,Billing,4,5,2026-03-25
224,Matthew Potts,garciasarah@example.net,Technical Support,Application crashes during checkout.,AI Assistant,Critical,Pending,Technical,5,4,2026-02-20
225,Eduardo Scott,rebeccaharris@example.org,Account Access,Password reset email not received.,Automation Platform,High,Open,Technical,14,2,2026-03-12
226,Timothy Collins,joneseric@example.org,Billing Inquiry,Customer requested payment receipt.,Analytics Dashboard,Medium,Open,Billing,12,1,2026-01-01
227,Andrea Townsend,tammy17@example.com,Billing Inquiry,Invoice amount does not match the selected plan.,Analytics Dashboard,Medium,Pending,Billing,24,4,2026-01-24
228,Sandy Nichols,olsonchristina@example.org,Refund Request,Customer cancelled order and requested refund.,Analytics Dashboard,Low,Pending,Billing,67,3,2026-03-11
229,Heather Hughes,amywright@example.org,Billing Inquiry,Invoice amount does not match the selected plan.,CRM Suite,Medium,Closed,Billing,12,4,2026-05-01
230,Rebecca Miller,martinmatthew@example.net,Account Access,Customer account locked after failed login attempts.,CRM Suite,Critical,Pending,Technical,6,3,2026-05-14
231,Karen Middleton,anthony66@example.org,Billing Inquiry,Customer requested payment receipt.,Marketing Tool,Medium,Open,Billing,12,2,2026-04-10
232,Jennifer Jackson,vayala@example.net,Order Delay,Customer has not received order confirmation.,Marketing Tool,Low,Open,Support,52,2,2026-01-13
233,Natasha Davenport,dgrant@example.com,Refund Request,Refund delayed beyond expected timeline.,CRM Suite,Critical,Open,Billing,6,3,2026-03-04
234,Christina Williams,klopez@example.com,Product Inquiry,Inquiry about AI automation capabilities.,Automation Platform,Medium,Open,Sales,30,3,2026-01-04
235,Taylor Wong MD,montesmichelle@example.org,Product Inquiry,Inquiry about AI automation capabilities.,AI Assistant,Low,Resolved,Sales,25,5,2026-01-27
236,Linda Hoffman,watkinsthomas@example.net,Feature Request,Customer requested dark mode feature.,Analytics Dashboard,Low,Pending,Support,62,3,2026-04-18
237,Gina Weber,hartmandanielle@example.org,Product Inquiry,Inquiry about AI automation capabilities.,CRM Suite,Low,Resolved,Sales,36,5,2026-03-02
238,Jessica Williams,brownkevin@example.org,Technical Support,Application crashes during checkout.,Automation Platform,Critical,Open,Technical,10,2,2026-05-16
239,James Hernandez,melissa18@example.com,Technical Support,Customer cannot reset password.,Automation Platform,Critical,Open,Technical,7,1,2026-01-15
240,Dr. Jason Johnson IV,jenniferkane@example.net,Account Access,Password reset email not received.,CRM Suite,High,Closed,Technical,13,5,2026-04-28
241,Ariel Wilson,katrina51@example.org,Technical Support,Application crashes during checkout.,CRM Suite,Critical,Open,Technical,2,3,2026-04-22
242,Robert Hall,larry88@example.org,Refund Request,Refund requested for defective product.,CRM Suite,Medium,Resolved,Billing,12,4,2026-05-19
243,Laura Vaughn,rebecca41@example.com,Refund Request,Refund requested for defective product.,CRM Suite,Medium,Resolved,Billing,14,3,2026-05-27
244,Emily Humphrey,barrettjoseph@example.org,Feature Request,User wants WhatsApp integration.,CRM Suite,Low,Closed,Support,48,4,2026-01-27
245,Travis Chapman,vancebrad@example.com,Account Access,Customer account locked after failed login attempts.,Automation Platform,High,Pending,Technical,13,2,2026-03-20
246,Deborah Garza,christopherjackson@example.net,Order Delay,Customer reported delayed shipment.,Marketing Tool,Medium,Open,Support,36,1,2026-04-21
247,Ashley Burnett,trobinson@example.org,Account Access,Customer account locked after failed login attempts.,Automation Platform,Critical,Open,Technical,2,2,2026-02-02
248,Samantha Fleming,veronicasmith@example.net,Refund Request,Refund requested for defective product.,Analytics Dashboard,High,Resolved,Billing,16,3,2026-02-23
249,Monica Wilkinson,dkelley@example.com,Technical Support,Customer cannot reset password.,AI Assistant,High,Pending,Technical,10,4,2026-02-10
250,Jasmine Bryan,max69@example.com,Account Access,Customer account locked after failed login attempts.,CRM Suite,Critical,Pending,Technical,3,2,2026-04-23
251,David Chase,mannjonathan@example.net,Refund Request,Customer cancelled order and requested refund.,Analytics Dashboard,Medium,Closed,Billing,32,4,2026-04-07
252,Brian Garza,hayley92@example.net,Account Access,Password reset email not received.,CRM Suite,Medium,Pending,Technical,23,4,2026-04-23
253,Michael Anderson,halljohn@example.org,Account Access,User unable to access admin panel.,CRM Suite,Critical,Open,Technical,1,1,2026-05-22
254,James Sanford,susan90@example.net,Billing Inquiry,Customer requested payment receipt.,Marketing Tool,Low,Resolved,Billing,34,5,2026-02-10
255,Sandra Smith,petersonsergio@example.org,Account Access,Customer account locked after failed login attempts.,Automation Platform,Critical,Resolved,Technical,5,4,2026-05-21
256,Barbara Wood,hgray@example.net,Product Inquiry,Inquiry about AI automation capabilities.,Automation Platform,Medium,Pending,Sales,32,2,2026-02-23
257,Dakota Reid,paullopez@example.net,Account Access,User unable to access admin panel.,Automation Platform,High,Resolved,Technical,13,4,2026-05-09
258,John Hill,kingryan@example.org,Feature Request,Customer requested advanced analytics dashboard.,Analytics Dashboard,Medium,Closed,Support,32,4,2026-01-12
259,Sandra Goodman,james14@example.org,Billing Inquiry,Customer was charged twice for the subscription.,Analytics Dashboard,High,Closed,Billing,15,4,2026-02-25
260,Jeffery Smith,willismichael@example.net,Feature Request,Client suggested multi-language support.,AI Assistant,Low,Open,Support,51,2,2026-02-13
261,Michael Hill,rstuart@example.org,Billing Inquiry,Customer was charged twice for the subscription.,Analytics Dashboard,High,Resolved,Billing,16,5,2026-04-04
262,Taylor Smith,deannacruz@example.net,Feature Request,Customer requested dark mode feature.,CRM Suite,Low,Pending,Support,64,2,2026-04-09
263,Brianna Adams,alexa14@example.net,Account Access,Customer account locked after failed login attempts.,AI Assistant,Critical,Pending,Technical,1,3,2026-04-11
264,Nicole Smith,allenjustin@example.org,Account Access,Two-factor authentication not working.,AI Assistant,Critical,Open,Technical,6,2,2026-05-28
265,Tara Foley,courtneymadden@example.org,Order Delay,Customer has not received order confirmation.,Automation Platform,Medium,Resolved,Support,22,4,2026-01-29
266,Erin Norris,abradley@example.com,Account Access,User unable to access admin panel.,AI Assistant,Critical,Open,Technical,4,1,2026-02-07
267,Nicholas Le,zking@example.com,Billing Inquiry,Customer was charged twice for the subscription.,Marketing Tool,High,Resolved,Billing,11,5,2026-04-24
268,James Wilkinson,cody79@example.org,Feature Request,Customer requested advanced analytics dashboard.,Analytics Dashboard,Low,Closed,Support,59,5,2026-02-17
269,Scott Kelly,amandasnyder@example.com,Order Delay,Customer has not received order confirmation.,AI Assistant,Low,Open,Support,55,2,2026-04-20
270,Billy Cunningham,jessedelacruz@example.org,Order Delay,Customer reported delayed shipment.,AI Assistant,Medium,Open,Support,35,2,2026-04-01
271,Zachary Jones,ohiggins@example.net,Billing Inquiry,Refund not received after cancellation.,CRM Suite,Low,Pending,Billing,42,3,2026-02-11
272,Brent Scott,rmartinez@example.net,Billing Inquiry,Customer requested payment receipt.,Marketing Tool,Medium,Open,Billing,27,2,2026-04-25
273,Stephanie Davis,cheryldavis@example.com,Technical Support,Website loads very slowly on mobile devices.,CRM Suite,Medium,Open,Technical,18,3,2026-04-27
274,Lori Hodges,alvarezjoshua@example.org,Billing Inquiry,Customer was charged twice for the subscription.,Analytics Dashboard,High,Pending,Billing,4,4,2026-05-08
275,Monica Howe,nmontoya@example.com,Feature Request,Customer requested advanced analytics dashboard.,Analytics Dashboard,Low,Closed,Support,78,4,2026-03-06
276,Jonathan Perez,aaron55@example.com,Account Access,Two-factor authentication not working.,Automation Platform,Critical,Open,Technical,4,2,2026-04-19
277,Alyssa Davis,contrerasjames@example.org,Account Access,User unable to access admin panel.,CRM Suite,Critical,Pending,Technical,5,3,2026-02-15
278,Morgan Gonzalez,jamesphillips@example.org,Product Inquiry,Customer wants pricing details.,Automation Platform,High,Closed,Sales,18,3,2026-05-09
279,Luke Johnson,michaelsherman@example.com,Account Access,Two-factor authentication not working.,Automation Platform,Critical,Pending,Technical,6,2,2026-05-14
280,Michael Bass,thomassmith@example.com,Order Delay,Customer reported delayed shipment.,AI Assistant,Medium,Open,Support,36,1,2026-01-07
281,Melinda Orozco,millereric@example.org,Account Access,Password reset email not received.,Automation Platform,High,Resolved,Technical,10,3,2026-01-30
282,Jeffrey Lyons,josephmeyer@example.net,Refund Request,Refund requested for defective product.,CRM Suite,High,Resolved,Billing,13,4,2026-05-12
283,Stephanie Vargas,olivia29@example.net,Product Inquiry,Customer asked about premium plan features.,Marketing Tool,Low,Resolved,Sales,35,5,2026-05-09
284,Tiffany Coleman,qramirez@example.net,Product Inquiry,Customer wants pricing details.,CRM Suite,High,Open,Sales,21,2,2026-02-11
285,Rebecca Houston,richardbennett@example.net,Technical Support,Customer cannot reset password.,CRM Suite,High,Closed,Technical,17,3,2026-04-01
286,Shelly Wilson,rachelhall@example.net,Feature Request,Client suggested multi-language support.,AI Assistant,Medium,Resolved,Support,29,4,2026-04-14
287,Ashley Mendoza,brianwhite@example.org,Technical Support,Website loads very slowly on mobile devices.,AI Assistant,High,Resolved,Technical,7,4,2026-01-25
288,Anthony Garrison,allenandrea@example.com,Account Access,Two-factor authentication not working.,AI Assistant,High,Open,Technical,8,2,2026-04-12
289,Debbie Rivera,mariawilliams@example.com,Billing Inquiry,Customer requested payment receipt.,Marketing Tool,Medium,Open,Billing,27,2,2026-02-09
290,Richard Hale,holmescolleen@example.org,Billing Inquiry,Customer requested payment receipt.,Analytics Dashboard,Medium,Closed,Billing,19,4,2026-03-23
291,Kimberly Rojas,steven45@example.org,Refund Request,Refund delayed beyond expected timeline.,Marketing Tool,Medium,Open,Billing,28,2,2026-01-07
292,Penny Rowe,royjennifer@example.org,Refund Request,Refund requested for defective product.,CRM Suite,Low,Open,Billing,59,1,2026-03-04
293,Patrick Walsh,millerjames@example.org,Account Access,Password reset email not received.,Automation Platform,Critical,Resolved,Technical,2,5,2026-03-27
294,Kimberly Watson,ballvanessa@example.com,Refund Request,Customer cancelled order and requested refund.,Analytics Dashboard,Low,Pending,Billing,64,3,2026-03-15
295,Rebecca Gordon,karen42@example.org,Billing Inquiry,Invoice amount does not match the selected plan.,Analytics Dashboard,Medium,Open,Billing,21,1,2026-04-16
296,Lindsay Ray,hmitchell@example.org,Account Access,Two-factor authentication not working.,Automation Platform,High,Pending,Technical,8,3,2026-01-30
297,Phillip Mason,edwardstaylor@example.net,Order Delay,Package delivery delayed due to logistics issue.,Analytics Dashboard,High,Pending,Support,8,3,2026-03-26
298,Andrew Williams,nina65@example.net,Refund Request,Refund requested for defective product.,Marketing Tool,Medium,Open,Billing,34,1,2026-03-08
299,Nathaniel Hill,richardhart@example.org,Feature Request,Customer requested advanced analytics dashboard.,CRM Suite,Low,Open,Support,58,3,2026-03-22
300,Derrick Perez,mike05@example.com,Account Access,Password reset email not received.,Automation Platform,Medium,Closed,Technical,30,3,2026-02-03
301,Jaime Williams,weberbrian@example.org,Account Access,Password reset email not received.,Automation Platform,High,Open,Technical,8,2,2026-02-16
302,Scott Grant,kristin09@example.net,Product Inquiry,Client requested product demo.,CRM Suite,Low,Resolved,Sales,36,4,2026-04-13
303,Austin Adams,hebertmichelle@example.com,Order Delay,Customer reported delayed shipment.,Analytics Dashboard,Low,Pending,Support,46,3,2026-04-13
304,Justin Moreno,greenjessica@example.net,Account Access,Two-factor authentication not working.,CRM Suite,High,Pending,Technical,2,4,2026-02-04
305,Kara Gilmore,zacharygray@example.org,Billing Inquiry,Invoice amount does not match the selected plan.,Analytics Dashboard,Medium,Resolved,Billing,20,5,2026-04-13
306,Jennifer Allen,thomasricardo@example.net,Technical Support,Application crashes during checkout.,Automation Platform,Critical,Open,Technical,10,1,2026-02-27
307,Kelly Brewer,rickey20@example.org,Feature Request,User wants WhatsApp integration.,CRM Suite,Low,Closed,Support,68,4,2026-03-23
308,Bianca Bowen,tlewis@example.com,Technical Support,Unable to login to the dashboard.,Automation Platform,Critical,Open,Technical,5,3,2026-01-16
309,Andrew Price,wmoore@example.com,Billing Inquiry,Refund not received after cancellation.,Analytics Dashboard,Low,Pending,Billing,27,4,2026-05-28
310,Shane Lopez,jenniferwood@example.net,Product Inquiry,Inquiry about AI automation capabilities.,Analytics Dashboard,Low,Open,Sales,53,1,2026-05-13
311,Corey Grimes,barnettterry@example.com,Order Delay,Order tracking information not updating.,CRM Suite,Low,Pending,Support,58,2,2026-03-21
312,Sharon Palmer,ingramjessica@example.com,Product Inquiry,Client requested product demo.,Analytics Dashboard,Medium,Pending,Sales,13,3,2026-02-16
313,Kathryn White,martin27@example.net,Order Delay,Customer has not received order confirmation.,CRM Suite,Low,Pending,Support,45,2,2026-05-16
314,Michael Johnson,kaiserkelly@example.org,Billing Inquiry,Refund not received after cancellation.,Marketing Tool,Medium,Pending,Billing,32,3,2026-02-11
315,Phillip Kelly,brenda16@example.net,Technical Support,Unable to login to the dashboard.,AI Assistant,High,Open,Technical,5,3,2026-02-13
316,Renee Davis,ufox@example.org,Billing Inquiry,Refund not received after cancellation.,CRM Suite,Medium,Open,Billing,15,1,2026-04-16
317,William Allen,mccoyjames@example.org,Billing Inquiry,Refund not received after cancellation.,Marketing Tool,Medium,Open,Billing,16,3,2026-01-27
318,Frank Perez,ubond@example.org,Billing Inquiry,Customer requested payment receipt.,Analytics Dashboard,Medium,Closed,Billing,15,3,2026-01-17
319,Lisa Wagner,victoria17@example.net,Refund Request,Refund delayed beyond expected timeline.,Marketing Tool,High,Pending,Billing,10,2,2026-03-21
320,Michelle Warren,smithjack@example.org,Product Inquiry,Inquiry about AI automation capabilities.,Marketing Tool,Low,Open,Sales,63,2,2026-01-06
321,Felicia Perry,marywarren@example.org,Order Delay,Customer reported delayed shipment.,Marketing Tool,Medium,Open,Support,18,1,2026-02-17
322,Felicia Walsh,sbaker@example.net,Feature Request,Customer requested dark mode feature.,Automation Platform,Medium,Open,Support,48,1,2026-01-24
323,Susan Rangel,peterlynch@example.com,Refund Request,Refund delayed beyond expected timeline.,Marketing Tool,Critical,Pending,Billing,2,2,2026-01-27
324,Angela Munoz,pittsdanielle@example.net,Billing Inquiry,Invoice amount does not match the selected plan.,Marketing Tool,Medium,Closed,Billing,32,4,2026-02-25
325,Eduardo Hall,bcooper@example.net,Feature Request,User wants WhatsApp integration.,AI Assistant,Low,Pending,Support,53,2,2026-01-28
326,Jennifer Jackson,shellyobrien@example.net,Feature Request,User wants WhatsApp integration.,CRM Suite,Low,Closed,Support,67,5,2026-01-29
327,Jerry Rogers,qjones@example.org,Refund Request,Refund requested for defective product.,CRM Suite,Low,Resolved,Billing,28,5,2026-05-16
328,Monica Anderson,cshepard@example.com,Order Delay,Customer has not received order confirmation.,Automation Platform,Medium,Resolved,Support,30,4,2026-05-03
329,Ricky Young,ypatterson@example.net,Feature Request,Client suggested multi-language support.,Marketing Tool,Low,Closed,Support,61,3,2026-01-10
330,Anne Francis,bdeleon@example.org,Product Inquiry,Client requested product demo.,CRM Suite,Low,Resolved,Sales,38,4,2026-02-07
331,Amy Dyer,peter91@example.org,Technical Support,Website loads very slowly on mobile devices.,Automation Platform,High,Closed,Technical,14,5,2026-03-17
332,Jesus Flores,corythompson@example.org,Technical Support,Website loads very slowly on mobile devices.,CRM Suite,High,Pending,Technical,6,3,2026-02-19
333,Heather Roth,ryanrodriguez@example.net,Technical Support,Customer cannot reset password.,AI Assistant,High,Open,Technical,15,1,2026-04-05
334,Justin Barrera,traceyguerra@example.com,Technical Support,Application crashes during checkout.,AI Assistant,Critical,Open,Technical,5,2,2026-05-26
335,Audrey Torres,leontracie@example.org,Account Access,Two-factor authentication not working.,CRM Suite,Critical,Open,Technical,3,1,2026-03-08
336,John Estrada,ricklewis@example.net,Account Access,Two-factor authentication not working.,AI Assistant,High,Pending,Technical,3,4,2026-03-14
337,Becky Garcia,shannon09@example.org,Refund Request,Refund delayed beyond expected timeline.,CRM Suite,High,Open,Billing,14,3,2026-04-09
338,Justin Zimmerman,justin20@example.net,Order Delay,Customer reported delayed shipment.,CRM Suite,High,Open,Support,6,3,2026-03-29
339,Lauren Martin PhD,kwang@example.com,Feature Request,Customer requested advanced analytics dashboard.,Analytics Dashboard,Low,Pending,Support,72,2,2026-06-01
340,Sandra May,hdavis@example.com,Account Access,Two-factor authentication not working.,Automation Platform,High,Pending,Technical,7,3,2026-01-29
341,Holly Cruz,dylancunningham@example.com,Account Access,Two-factor authentication not working.,Automation Platform,High,Open,Technical,5,4,2026-01-05
342,Stacy Hudson,stephaniezamora@example.org,Account Access,Customer account locked after failed login attempts.,CRM Suite,Critical,Open,Technical,6,2,2026-02-05
343,Renee Walker,kimberlyjordan@example.net,Product Inquiry,Inquiry about AI automation capabilities.,AI Assistant,Medium,Open,Sales,42,2,2026-04-19
344,Amy Dean,branchthomas@example.com,Product Inquiry,Customer wants pricing details.,Automation Platform,Low,Open,Sales,74,1,2026-05-05
345,Phillip Compton,maygordon@example.org,Technical Support,Application crashes during checkout.,CRM Suite,High,Open,Technical,16,3,2026-03-02
346,Wendy Perez,markbates@example.com,Product Inquiry,Client requested product demo.,Analytics Dashboard,Low,Closed,Sales,32,5,2026-05-07
347,Travis Taylor,hufftina@example.org,Product Inquiry,Customer wants pricing details.,AI Assistant,Low,Open,Sales,56,3,2026-03-08
348,Stacy Wilson,rachelknight@example.com,Product Inquiry,Inquiry about AI automation capabilities.,Marketing Tool,Low,Pending,Sales,55,4,2026-03-08
349,Robert Bowers,wgarza@example.net,Billing Inquiry,Invoice amount does not match the selected plan.,Marketing Tool,Medium,Resolved,Billing,14,3,2026-05-12
350,Matthew Davis,wberry@example.com,Refund Request,Customer wants refund for accidental purchase.,Marketing Tool,Medium,Resolved,Billing,14,4,2026-05-03
351,Ronald Smith,gstokes@example.net,Refund Request,Refund requested for defective product.,Analytics Dashboard,Medium,Closed,Billing,35,4,2026-05-14
352,Pamela Aguirre,ashley14@example.org,Technical Support,Application crashes during checkout.,Automation Platform,Critical,Resolved,Technical,5,4,2026-05-31
353,Joshua Allen,melissa40@example.org,Refund Request,Customer cancelled order and requested refund.,Marketing Tool,High,Closed,Billing,16,5,2026-02-01
354,Danny Smith,yburke@example.org,Order Delay,Order tracking information not updating.,Marketing Tool,Medium,Open,Support,35,2,2026-01-11
355,William Hughes,charlesbarnett@example.net,Feature Request,Customer requested advanced analytics dashboard.,Marketing Tool,Medium,Closed,Support,30,5,2026-03-07
356,Samantha Johnson,brooksbrian@example.net,Account Access,Password reset email not received.,CRM Suite,High,Resolved,Technical,10,4,2026-02-24
357,Mark Jones,brian62@example.net,Feature Request,User wants WhatsApp integration.,Analytics Dashboard,Low,Open,Support,83,2,2026-04-12
358,Kevin Ramos,dsims@example.net,Refund Request,Refund requested for defective product.,Marketing Tool,Medium,Closed,Billing,24,4,2026-03-13
359,Douglas Smith,malexander@example.com,Refund Request,Customer wants refund for accidental purchase.,Analytics Dashboard,Medium,Open,Billing,16,2,2026-03-17
360,Miguel Cole,jessicahines@example.com,Feature Request,Customer requested advanced analytics dashboard.,Marketing Tool,Medium,Resolved,Support,22,4,2026-05-11
361,Chad Smith,reesetravis@example.net,Product Inquiry,Customer asked about premium plan features.,Analytics Dashboard,High,Pending,Sales,24,2,2026-04-03
362,Tammy Hendrix,hammondjoseph@example.com,Technical Support,Unable to login to the dashboard.,Automation Platform,Critical,Pending,Technical,10,2,2026-04-12
363,Deborah Waller,jameshall@example.org,Technical Support,Unable to login to the dashboard.,AI Assistant,Critical,Open,Technical,5,1,2026-03-03
364,Timothy Harris,irodriguez@example.org,Product Inquiry,Customer asked about premium plan features.,Analytics Dashboard,Low,Closed,Sales,44,5,2026-04-01
365,Samuel Nolan,erikamiller@example.org,Product Inquiry,Client requested product demo.,CRM Suite,Low,Open,Sales,54,3,2026-01-01
366,Daniel Henderson,david78@example.net,Account Access,Two-factor authentication not working.,CRM Suite,Critical,Open,Technical,6,2,2026-03-08
367,Connor West,kurt90@example.net,Feature Request,Client suggested multi-language support.,Automation Platform,Low,Open,Support,75,2,2026-02-02
368,Erica Thomas,ccarter@example.org,Billing Inquiry,Invoice amount does not match the selected plan.,Marketing Tool,High,Closed,Billing,13,4,2026-03-25
369,Zachary Young,evelyncollier@example.com,Feature Request,Customer requested advanced analytics dashboard.,Marketing Tool,Low,Pending,Support,79,4,2026-04-02
370,Tanya Stein,kcontreras@example.org,Refund Request,Customer cancelled order and requested refund.,Marketing Tool,High,Pending,Billing,6,4,2026-01-15
371,Christopher Davis,lshannon@example.net,Feature Request,Customer requested advanced analytics dashboard.,Marketing Tool,Medium,Closed,Support,25,3,2026-02-05
372,Corey Stone,ijackson@example.com,Product Inquiry,Customer asked about premium plan features.,AI Assistant,Low,Open,Sales,64,1,2026-05-23
373,Rachel Mcdaniel,bhall@example.org,Order Delay,Order tracking information not updating.,Marketing Tool,Low,Pending,Support,59,3,2026-04-15
374,Brian Robertson,ricky53@example.net,Billing Inquiry,Customer was charged twice for the subscription.,Analytics Dashboard,Medium,Resolved,Billing,25,4,2026-05-26
375,Parker Vasquez,hpowell@example.com,Technical Support,Unable to login to the dashboard.,AI Assistant,Critical,Pending,Technical,8,3,2026-04-03
376,Jennifer Hurley,rachelholmes@example.org,Account Access,Two-factor authentication not working.,AI Assistant,Critical,Open,Technical,1,2,2026-01-04
377,Aaron Fernandez,hopkinsgeorge@example.org,Refund Request,Refund delayed beyond expected timeline.,Marketing Tool,High,Open,Billing,12,3,2026-05-03
378,Michael Miller,qshelton@example.com,Technical Support,Website loads very slowly on mobile devices.,AI Assistant,High,Open,Technical,4,3,2026-01-03
379,Kimberly West,mcdanielrichard@example.org,Refund Request,Customer wants refund for accidental purchase.,Analytics Dashboard,Medium,Closed,Billing,14,3,2026-05-23
380,Matthew Giles,holdendominic@example.net,Order Delay,Package delivery delayed due to logistics issue.,AI Assistant,Medium,Closed,Support,18,4,2026-03-19
381,Nicole Friedman,joe99@example.net,Product Inquiry,Customer asked about premium plan features.,Automation Platform,Low,Closed,Sales,66,5,2026-02-26
382,Shawna Benton,patriciajohnson@example.com,Order Delay,Package delivery delayed due to logistics issue.,Marketing Tool,Medium,Closed,Support,13,4,2026-01-07
383,Melissa Hall,mproctor@example.net,Technical Support,Customer cannot reset password.,CRM Suite,High,Open,Technical,17,1,2026-05-15
384,Wayne Wong,nicole59@example.net,Refund Request,Refund requested for defective product.,Analytics Dashboard,Medium,Closed,Billing,15,4,2026-04-18
385,Maria Campbell,ggarrett@example.com,Order Delay,Order tracking information not updating.,CRM Suite,Medium,Resolved,Support,22,4,2026-05-26
386,Melissa Alexander,sandra38@example.com,Feature Request,User wants WhatsApp integration.,Automation Platform,Medium,Open,Support,23,1,2026-03-28
387,Craig Hammond,anthonygilbert@example.com,Refund Request,Customer cancelled order and requested refund.,CRM Suite,Medium,Open,Billing,22,2,2026-03-15
388,Tracey Brown,isimpson@example.com,Product Inquiry,Client requested product demo.,CRM Suite,Medium,Open,Sales,35,2,2026-03-16
389,Shannon Andrews,twagner@example.org,Product Inquiry,Customer wants pricing details.,Automation Platform,High,Open,Sales,7,2,2026-01-26
390,Kenneth Snyder,gibbsamanda@example.net,Refund Request,Customer wants refund for accidental purchase.,Analytics Dashboard,Low,Pending,Billing,68,3,2026-04-12
391,Mason Fleming,migueldominguez@example.org,Refund Request,Refund requested for defective product.,Analytics Dashboard,High,Open,Billing,9,3,2026-05-09
392,Heather Vang,vluna@example.net,Billing Inquiry,Customer requested payment receipt.,CRM Suite,Medium,Resolved,Billing,26,4,2026-03-30
393,Amanda Martinez,rachel25@example.com,Feature Request,Customer requested dark mode feature.,AI Assistant,Low,Resolved,Support,39,5,2026-02-22
394,Timothy Long,wgonzalez@example.net,Account Access,Two-factor authentication not working.,Automation Platform,Critical,Pending,Technical,3,3,2026-02-27
395,David Lynn,kristine33@example.net,Technical Support,Website loads very slowly on mobile devices.,CRM Suite,Critical,Open,Technical,10,2,2026-04-22
396,Gina Martin,cohensabrina@example.org,Order Delay,Package delivery delayed due to logistics issue.,AI Assistant,Medium,Open,Support,36,2,2026-04-14
397,Miranda Randolph,robincooper@example.org,Order Delay,Package delivery delayed due to logistics issue.,CRM Suite,High,Pending,Support,9,3,2026-04-22
398,Tracy Walker,matthewfranklin@example.net,Feature Request,Customer requested dark mode feature.,AI Assistant,Low,Pending,Support,78,4,2026-03-13
399,Scott Ayers,castropeter@example.com,Feature Request,Client suggested multi-language support.,AI Assistant,Low,Pending,Support,36,2,2026-01-05
400,Katherine Baker,jherring@example.com,Technical Support,Unable to login to the dashboard.,Automation Platform,High,Resolved,Technical,8,4,2026-01-04
401,Nicole Mejia,mallory30@example.org,Technical Support,Unable to login to the dashboard.,AI Assistant,Critical,Open,Technical,3,2,2026-03-01
402,Barbara Leonard,housedaniel@example.com,Product Inquiry,Client requested product demo.,Automation Platform,Low,Pending,Sales,60,3,2026-04-27
403,Mr. Joseph Bush,josephjohnson@example.com,Refund Request,Refund delayed beyond expected timeline.,CRM Suite,Critical,Pending,Billing,2,4,2026-02-10
404,Brandon Carter,murphymark@example.org,Feature Request,Customer requested advanced analytics dashboard.,AI Assistant,Low,Pending,Support,80,2,2026-02-12
405,Holly Mercado,halvarez@example.org,Account Access,User unable to access admin panel.,Automation Platform,Critical,Resolved,Technical,6,5,2026-02-16
406,Jillian Stewart,moyerjoseph@example.org,Product Inquiry,Customer wants pricing details.,Marketing Tool,Low,Open,Sales,62,2,2026-05-16
407,Rebekah Campbell,johnsonmichael@example.com,Technical Support,Website loads very slowly on mobile devices.,CRM Suite,Medium,Open,Technical,12,2,2026-03-16
408,Theresa Martinez,mhoffman@example.net,Product Inquiry,Inquiry about AI automation capabilities.,Marketing Tool,High,Resolved,Sales,15,4,2026-01-26
409,Adriana Ward,meganrose@example.com,Order Delay,Customer reported delayed shipment.,Marketing Tool,Low,Resolved,Support,31,5,2026-03-20
410,Chad Rivera,ubutler@example.net,Technical Support,Website loads very slowly on mobile devices.,AI Assistant,High,Resolved,Technical,15,5,2026-04-09
411,Paul Ryan,kenneth22@example.com,Order Delay,Package delivery delayed due to logistics issue.,CRM Suite,Medium,Closed,Support,25,4,2026-05-18
412,George Yang,amber59@example.com,Product Inquiry,Customer asked about premium plan features.,Analytics Dashboard,Medium,Closed,Sales,13,4,2026-03-12
413,Emily Marquez,gregory24@example.net,Refund Request,Refund delayed beyond expected timeline.,Analytics Dashboard,High,Resolved,Billing,13,4,2026-01-24
414,Robin Patterson,anthony00@example.org,Billing Inquiry,Customer was charged twice for the subscription.,CRM Suite,High,Pending,Billing,10,2,2026-01-31
415,Jacqueline Hall,charlesyoung@example.net,Feature Request,User wants WhatsApp integration.,Marketing Tool,Medium,Closed,Support,28,5,2026-01-23
416,Sheena Jones,nguyentimothy@example.net,Feature Request,Client suggested multi-language support.,Marketing Tool,Medium,Closed,Support,43,2,2026-02-09
417,Jessica Rojas,campbelljustin@example.net,Order Delay,Package delivery delayed due to logistics issue.,AI Assistant,High,Resolved,Support,15,4,2026-04-12
418,Janice Harvey,sthomas@example.org,Billing Inquiry,Invoice amount does not match the selected plan.,Marketing Tool,Medium,Closed,Billing,36,4,2026-03-24
419,Mark Alexander,dawn20@example.org,Order Delay,Package delivery delayed due to logistics issue.,Marketing Tool,Medium,Closed,Support,17,4,2026-03-13
420,Victoria Padilla,keith18@example.org,Product Inquiry,Client requested product demo.,Automation Platform,Low,Pending,Sales,76,3,2026-02-03
421,Rhonda Rodriguez,jamesbrown@example.org,Billing Inquiry,Invoice amount does not match the selected plan.,CRM Suite,Low,Pending,Billing,50,2,2026-04-28
422,Ryan Smith,claire06@example.net,Account Access,Two-factor authentication not working.,CRM Suite,Critical,Pending,Technical,1,3,2026-01-02
423,Kelly Perry,tmoore@example.net,Billing Inquiry,Invoice amount does not match the selected plan.,Marketing Tool,Medium,Open,Billing,15,2,2026-03-31
424,Joseph Wang,fstone@example.net,Account Access,Customer account locked after failed login attempts.,Automation Platform,High,Resolved,Technical,2,4,2026-03-30
425,Christopher Bell,vflores@example.com,Product Inquiry,Customer wants pricing details.,Marketing Tool,Medium,Resolved,Sales,39,3,2026-04-20
426,Karen Gray,nguyenchristine@example.net,Refund Request,Refund requested for defective product.,Marketing Tool,Medium,Open,Billing,31,2,2026-05-31
427,Natalie Reyes,jessicalong@example.net,Account Access,User unable to access admin panel.,CRM Suite,Critical,Pending,Technical,6,3,2026-02-05
428,Toni Brewer,bryanmcdaniel@example.org,Billing Inquiry,Customer was charged twice for the subscription.,Analytics Dashboard,Medium,Closed,Billing,36,3,2026-03-28
429,Monica Frost,suehowe@example.com,Product Inquiry,Inquiry about AI automation capabilities.,Automation Platform,Low,Pending,Sales,24,4,2026-02-05
430,Kenneth Bradley,joycekeith@example.org,Billing Inquiry,Customer requested payment receipt.,CRM Suite,Critical,Pending,Billing,6,4,2026-05-23
431,Gabriel Nash,bowmanjoel@example.net,Product Inquiry,Customer asked about premium plan features.,Analytics Dashboard,Medium,Closed,Sales,42,2,2026-01-28
432,Christopher Valdez,kristinafoley@example.net,Order Delay,Customer has not received order confirmation.,Analytics Dashboard,Medium,Pending,Support,16,2,2026-02-09
433,Todd Adams,burnsdeanna@example.net,Technical Support,Website loads very slowly on mobile devices.,CRM Suite,Medium,Pending,Technical,29,4,2026-05-25
434,Colleen Morton,john09@example.com,Technical Support,Website loads very slowly on mobile devices.,CRM Suite,Critical,Pending,Technical,4,3,2026-02-20
435,Laura Benton,ucarr@example.org,Account Access,Customer account locked after failed login attempts.,CRM Suite,High,Resolved,Technical,2,5,2026-02-05
436,Lindsey Charles,ksmith@example.org,Product Inquiry,Customer wants pricing details.,AI Assistant,Low,Closed,Sales,54,3,2026-03-27
437,Anthony Wright,fwolf@example.net,Order Delay,Order tracking information not updating.,Automation Platform,High,Open,Support,5,3,2026-01-22
438,Michael Roth,bethanygrant@example.net,Account Access,Two-factor authentication not working.,Automation Platform,High,Open,Technical,3,4,2026-02-17
439,Alfred Leonard,taylormichael@example.net,Order Delay,Customer has not received order confirmation.,Automation Platform,Medium,Open,Support,19,2,2026-05-21
440,Kimberly Thompson,bakerangela@example.net,Billing Inquiry,Customer was charged twice for the subscription.,CRM Suite,Critical,Open,Billing,2,1,2026-05-14
441,Kelly Hunter,nbailey@example.net,Feature Request,Client suggested multi-language support.,AI Assistant,High,Pending,Support,12,3,2026-05-24
442,Sherry Contreras,jack86@example.org,Account Access,Password reset email not received.,AI Assistant,Medium,Pending,Technical,31,3,2026-05-26
443,Robin Williams,ramirezkevin@example.com,Feature Request,User wants WhatsApp integration.,CRM Suite,Low,Pending,Support,61,3,2026-05-06
444,Kenneth Bauer,daniel15@example.org,Account Access,Two-factor authentication not working.,AI Assistant,Critical,Pending,Technical,5,2,2026-02-10
445,Laura Mcfarland,johnsonedward@example.net,Feature Request,Client suggested multi-language support.,Analytics Dashboard,High,Open,Support,15,3,2026-02-02
446,Monica Matthews,elizabeth14@example.org,Order Delay,Order tracking information not updating.,Marketing Tool,High,Resolved,Support,10,4,2026-04-03
447,Sean Dixon,salazarjames@example.org,Technical Support,Application crashes during checkout.,Automation Platform,Critical,Open,Technical,1,2,2026-04-22
448,John Clark,hdavis@example.org,Account Access,Password reset email not received.,Automation Platform,High,Open,Technical,12,2,2026-03-19
449,Chris Hernandez,ericdelacruz@example.net,Billing Inquiry,Refund not received after cancellation.,Marketing Tool,Medium,Closed,Billing,23,5,2026-03-31
450,Paul Taylor,obrienjulie@example.org,Billing Inquiry,Customer requested payment receipt.,Marketing Tool,Low,Closed,Billing,68,5,2026-01-23
451,James Anderson,bobbywilliamson@example.org,Billing Inquiry,Invoice amount does not match the selected plan.,Marketing Tool,Medium,Closed,Billing,13,4,2026-03-28
452,Grant Newton,mrandolph@example.net,Product Inquiry,Client requested product demo.,Automation Platform,Low,Pending,Sales,54,3,2026-05-26
453,Amanda Armstrong,njames@example.net,Technical Support,Application crashes during checkout.,Automation Platform,High,Pending,Technical,4,3,2026-01-03
454,Jordan Mcdowell,kimberly12@example.com,Order Delay,Order tracking information not updating.,Marketing Tool,Medium,Pending,Support,17,2,2026-02-04
455,Duane Clarke,igarrett@example.com,Refund Request,Refund delayed beyond expected timeline.,CRM Suite,High,Open,Billing,12,3,2026-01-02
456,Erin Taylor,nicholas09@example.org,Technical Support,Website loads very slowly on mobile devices.,CRM Suite,High,Resolved,Technical,16,4,2026-05-17
457,Wendy Bell,efranco@example.net,Order Delay,Customer has not received order confirmation.,CRM Suite,Medium,Resolved,Support,32,5,2026-05-23
458,Renee Lewis,david97@example.org,Refund Request,Customer wants refund for accidental purchase.,CRM Suite,Medium,Resolved,Billing,27,4,2026-05-31
459,Wayne Wilson,james58@example.com,Billing Inquiry,Refund not received after cancellation.,Marketing Tool,High,Resolved,Billing,16,5,2026-04-15
460,Eric Bradshaw,meghangreen@example.org,Product Inquiry,Inquiry about AI automation capabilities.,Analytics Dashboard,Low,Pending,Sales,44,3,2026-05-25
461,Allison Branch,hendersonmichael@example.org,Product Inquiry,Customer asked about premium plan features.,Marketing Tool,Medium,Pending,Sales,43,1,2026-04-04
462,Johnny Brown,ramosjennifer@example.org,Account Access,Two-factor authentication not working.,Automation Platform,Critical,Open,Technical,5,1,2026-03-25
463,Kevin Gutierrez,davidcampbell@example.net,Feature Request,Customer requested advanced analytics dashboard.,Analytics Dashboard,Low,Pending,Support,68,3,2026-01-21
464,Dean Shields,walkerjennifer@example.com,Billing Inquiry,Customer requested payment receipt.,CRM Suite,Low,Pending,Billing,56,3,2026-01-07
465,Caleb Jensen,kfrye@example.net,Product Inquiry,Customer asked about premium plan features.,AI Assistant,Low,Closed,Sales,57,4,2026-03-29
466,Steven Parker,woodbrittany@example.com,Order Delay,Customer has not received order confirmation.,AI Assistant,Medium,Resolved,Support,22,4,2026-03-14
467,Ryan Bautista,timothy12@example.com,Feature Request,User wants WhatsApp integration.,CRM Suite,Medium,Open,Support,27,2,2026-03-31
468,Brian Peters,robleswillie@example.org,Refund Request,Refund requested for defective product.,CRM Suite,Medium,Resolved,Billing,30,4,2026-02-10
469,Thomas Sparks,craigross@example.org,Order Delay,Customer has not received order confirmation.,CRM Suite,Medium,Resolved,Support,24,4,2026-04-05
470,Jose Stephens,burnettelizabeth@example.com,Product Inquiry,Inquiry about AI automation capabilities.,CRM Suite,Low,Pending,Sales,68,3,2026-01-21
471,Andre Cortez,janet71@example.org,Billing Inquiry,Customer requested payment receipt.,Analytics Dashboard,High,Resolved,Billing,15,4,2026-04-09
472,Jesse Wright,vmarquez@example.org,Product Inquiry,Client requested product demo.,Analytics Dashboard,Low,Pending,Sales,25,4,2026-01-10
473,Donna Booker,travis36@example.org,Billing Inquiry,Customer requested payment receipt.,CRM Suite,High,Pending,Billing,12,3,2026-01-23
474,Allison Cunningham,michaelvillarreal@example.net,Order Delay,Customer reported delayed shipment.,Analytics Dashboard,High,Open,Support,6,3,2026-03-10
475,Michael Carlson,hjohnson@example.net,Refund Request,Customer wants refund for accidental purchase.,CRM Suite,Low,Resolved,Billing,38,3,2026-01-02
476,Zachary Lara,catherinemoore@example.com,Account Access,Customer account locked after failed login attempts.,CRM Suite,High,Open,Technical,6,4,2026-02-19
477,Stacy Kim,christianrichards@example.net,Billing Inquiry,Customer requested payment receipt.,Analytics Dashboard,High,Pending,Billing,12,2,2026-02-16
478,Melissa Alvarez,brownjoseph@example.com,Billing Inquiry,Invoice amount does not match the selected plan.,Marketing Tool,High,Open,Billing,9,3,2026-03-24
479,Vincent Sims,fischerlaura@example.org,Product Inquiry,Client requested product demo.,Analytics Dashboard,Low,Pending,Sales,69,3,2026-03-28
480,Mary Martinez,benjamin49@example.org,Technical Support,Website loads very slowly on mobile devices.,Automation Platform,Critical,Open,Technical,6,2,2026-04-16
481,Kristen Hoover,audrey53@example.net,Order Delay,Customer has not received order confirmation.,Marketing Tool,Low,Closed,Support,46,4,2026-05-18
482,Richard Williams,mortonkenneth@example.net,Refund Request,Refund delayed beyond expected timeline.,Analytics Dashboard,High,Pending,Billing,7,2,2026-04-07
483,Jennifer Obrien,pfowler@example.org,Refund Request,Refund delayed beyond expected timeline.,Marketing Tool,High,Open,Billing,5,2,2026-02-08
484,Jeffrey Martinez,jreyes@example.net,Technical Support,Unable to login to the dashboard.,CRM Suite,Critical,Open,Technical,8,1,2026-02-26
485,Terry Moses,javiermitchell@example.org,Product Inquiry,Client requested product demo.,Marketing Tool,Low,Closed,Sales,67,3,2026-04-05
486,Derek Hall,kathleenkim@example.org,Product Inquiry,Customer asked about premium plan features.,Automation Platform,Medium,Closed,Sales,12,4,2026-05-24
487,Kaylee Garza,brandi19@example.com,Technical Support,Unable to login to the dashboard.,Automation Platform,High,Pending,Technical,20,3,2026-01-03
488,Rodney Baker,qcharles@example.org,Billing Inquiry,Customer requested payment receipt.,CRM Suite,High,Pending,Billing,4,5,2026-01-06
489,Anthony Murray,danieljenkins@example.org,Technical Support,Customer cannot reset password.,CRM Suite,Medium,Closed,Technical,19,3,2026-05-09
490,Alyssa Pratt,cody81@example.org,Refund Request,Customer cancelled order and requested refund.,Marketing Tool,Medium,Closed,Billing,12,5,2026-03-13
491,Nicole Duncan,hlester@example.org,Technical Support,Customer cannot reset password.,Automation Platform,Medium,Pending,Technical,13,4,2026-03-28
492,Monica Medina,sarah80@example.org,Billing Inquiry,Customer requested payment receipt.,CRM Suite,High,Pending,Billing,8,2,2026-04-17
493,Stephanie Torres,eugenemartinez@example.com,Refund Request,Refund requested for defective product.,Marketing Tool,Medium,Resolved,Billing,25,3,2026-04-12
494,Tammy Duncan,xcompton@example.com,Feature Request,User wants WhatsApp integration.,Marketing Tool,Medium,Open,Support,20,2,2026-01-03
495,Amy Johnson,barnesluke@example.net,Technical Support,Website loads very slowly on mobile devices.,AI Assistant,High,Pending,Technical,17,3,2026-01-19
496,Catherine Lopez,evansrichard@example.net,Billing Inquiry,Refund not received after cancellation.,Analytics Dashboard,Medium,Closed,Billing,23,3,2026-05-10
497,Christopher Macdonald,lacey96@example.net,Refund Request,Refund requested for defective product.,CRM Suite,Medium,Resolved,Billing,16,4,2026-04-09
498,Nicholas Myers,dbeck@example.com,Billing Inquiry,Invoice amount does not match the selected plan.,Analytics Dashboard,Low,Closed,Billing,66,3,2026-01-09
499,Crystal Wilson,tylerrodney@example.com,Product Inquiry,Inquiry about AI automation capabilities.,Automation Platform,Medium,Resolved,Sales,20,5,2026-03-24
500,Steven May,tonycraig@example.net,Feature Request,Customer requested advanced analytics dashboard.,AI Assistant,High,Resolved,Support,12,4,2026-04-18
