lead_id,customer_name,email,phone,company,industry,lead_source,budget,interest_level,status,city,created_at
1,Allison Hill,donaldgarcia@example.net,+1-219-560-0133,"Santos, Gardner and Robinson",E-commerce,Website,2639,High,Qualified,Lisatown,2026-05-28
2,Melissa Peterson,jasongallagher@example.org,361-855-9407,Arnold Ltd,E-commerce,Website,45348,High,Converted,Barbaraland,2026-01-09
3,Patricia Galloway,michellejames@example.com,+1-952-855-3419x2832,Mayo-Bowman,Education,Website,2952,Low,Lost,Lake Mark,2026-05-30
4,Crystal Johnson,richard13@example.net,001-653-876-7242x388,"Ross, Robinson and Bright",Retail,Referral,14031,High,Converted,Daviston,2026-01-22
5,Christopher Becker,cruzcaitlin@example.com,648.401.8451x46270,"Gaines, Harrell and Evans",Education,Referral,19231,High,New,East Nathaniel,2026-02-01
6,Paula Moreno,georgetracy@example.org,(443)903-9117x182,"Martin, Rose and Obrien",Healthcare,LinkedIn,28696,Medium,Qualified,New Karina,2026-05-14
7,Eric Carney,samuel87@example.org,531.250.9839,Zimmerman Inc,Technology,Instagram,7698,Low,Lost,North Rebecca,2026-03-06
8,David Caldwell,ambercummings@example.net,001-773-876-3116,Owens-Daniel,Finance,Referral,18335,High,Converted,North Richardmouth,2026-01-22
9,Connor West,dwhite@example.org,478-810-8013,Olson-Hancock,Education,Website,37178,Medium,Converted,East Nicholasfurt,2026-02-21
10,Rachel Mitchell,smoore@example.org,4982050097,"Miller, Lopez and Larson",Technology,Instagram,38837,Low,New,South David,2026-04-21
11,Kristopher Harvey,ksandoval@example.net,343-353-4624x75107,"Lewis, Baker and Mahoney",Healthcare,Chatbot,19965,High,New,East Mikeburgh,2026-03-27
12,Michele Carr,contrerasangela@example.net,524-711-8244,Watts LLC,Education,Instagram,30714,Medium,New,Kington,2026-01-18
13,Sandra Williams,kellie42@example.net,486.880.1128x059,Williams LLC,Finance,Facebook Ads,44920,Medium,Qualified,West Jasonbury,2026-05-10
14,Richard Henson,vdickson@example.org,622.460.2563,"Rodriguez, Brennan and Garrison",E-commerce,Facebook Ads,36005,High,Qualified,East Lisa,2026-03-31
15,Robert Savage,andrewlee@example.com,614-258-6850x142,Carlson LLC,Finance,LinkedIn,46099,Medium,New,Samuelhaven,2026-01-23
16,Kenneth Scott,zsmith@example.net,+1-835-661-5951x48465,"Martinez, Fisher and Bentley",Technology,Website,16010,High,Qualified,New Ashley,2026-03-20
17,April Mitchell,mfloyd@example.net,577-673-8721x48951,Drake and Sons,Retail,Facebook Ads,38170,High,Qualified,North Johnfort,2026-04-29
18,Angel Perry,jennifercruz@example.com,220.516.3287,Bryant Group,Education,Google Ads,43129,Medium,Qualified,Stephaniemouth,2026-04-29
19,Stephanie Simmons,vmerritt@example.com,643.748.7347x143,Orozco-Miller,E-commerce,Referral,36322,Medium,Converted,East Patrick,2026-01-30
20,Amy Russell,nperry@example.com,(590)996-7054x6688,Nelson Group,Real Estate,Google Ads,24723,Low,New,South Matthewfurt,2026-05-21
21,John Anderson,meadowsbrittany@example.net,7165272046,Murphy-Juarez,Retail,Chatbot,4087,High,Qualified,Ramirezchester,2026-02-18
22,Julie Curry,cookemichael@example.net,400-933-0923,"Wilson, Gould and Marshall",Technology,LinkedIn,28666,Medium,Qualified,Katieburgh,2026-04-28
23,Nicole Wilson,tamirodriguez@example.org,296-763-1931x4919,"Patterson, Wood and Hunter",Education,Referral,17476,High,Converted,Alexanderchester,2026-04-06
24,Tyler Reid,bzimmerman@example.org,001-684-998-7769x4531,Christensen PLC,Retail,LinkedIn,36190,High,Converted,Rogersfort,2026-03-05
25,Daniel Salinas,joshua94@example.net,9839136783,Mcguire-Davis,Finance,Google Ads,11365,Medium,Lost,South Heather,2026-03-01
26,Jackie Tran,ronald85@example.com,001-574-544-3135x182,"Washington, Hardy and Bray",Technology,Facebook Ads,34271,High,Converted,Tinaborough,2026-02-27
27,Christopher Smith,joshuamccann@example.net,627-910-9477x7520,Short Group,E-commerce,Referral,40909,Low,New,Joneston,2026-01-30
28,Justin Torres,davidduran@example.net,+1-293-386-7749x649,Garrett LLC,Real Estate,Chatbot,35757,High,Converted,East Johnside,2026-01-15
29,Jason Norris,ocarter@example.com,001-447-613-4936x183,Jones and Sons,Retail,Website,24788,High,Qualified,Brookeshire,2026-02-26
30,John Torres,gbender@example.net,271.690.6594x0139,"Williams, Avila and Ruiz",Healthcare,Referral,6161,Low,Lost,Moonburgh,2026-04-24
31,Robert Costa,vbailey@example.com,+1-712-356-7468x07154,Hancock-Bryan,Technology,Referral,9241,Low,Lost,Lake Mollymouth,2026-03-22
32,Joseph Dean,wgarrett@example.org,548.424.7710,Pierce-Tran,Healthcare,Instagram,35581,High,Lost,East Victoriaville,2026-03-31
33,Maria Moore,william46@example.com,737.682.6398x2146,Campbell LLC,Real Estate,Chatbot,48836,Medium,Qualified,Grimesmouth,2026-04-15
34,Mr. Phillip Bennett,molly39@example.com,260.457.6627,"Sanford, Rivera and Garcia",E-commerce,LinkedIn,25472,Medium,Qualified,Garciamouth,2026-01-03
35,Jennifer Pena,charlesharrington@example.com,696-515-8657x80913,"Davis, Good and Hodges",Healthcare,Facebook Ads,5196,Medium,Qualified,South Garrettport,2026-01-06
36,Robert Carter,ryan38@example.com,001-922-421-9693,Murray LLC,Real Estate,Facebook Ads,1471,Low,Lost,Scotttown,2026-04-01
37,Megan Moore,llandry@example.com,+1-664-674-3671x3695,Spence Ltd,Retail,Website,22654,Low,New,Hillshire,2026-05-14
38,Valerie Lozano,swall@example.org,+1-753-439-4210x470,Browning LLC,Education,Facebook Ads,36339,Low,Converted,Thompsonberg,2026-04-15
39,Holly Shaw,maria47@example.com,001-651-371-2368x5160,Richardson-Curry,Healthcare,Chatbot,31996,High,Qualified,Brendastad,2026-01-22
40,Kaitlyn Harvey,rose31@example.net,446.812.0047x113,Watson-Avery,E-commerce,Google Ads,24219,Medium,New,Matthewsberg,2026-03-22
41,Sandra Gilbert,antonio53@example.com,935.315.8506x431,"Lewis, Fowler and Maddox",Retail,LinkedIn,43824,High,Qualified,Port Matthewberg,2026-04-20
42,Ronald Spencer,lisahall@example.org,+1-704-522-8421x020,"Morris, Thompson and Williams",E-commerce,Instagram,8161,Low,Lost,Foxland,2026-04-03
43,Ivan Wheeler,ngordon@example.org,001-384-770-0766x1771,"Hernandez, Martinez and Weber",Healthcare,Google Ads,13025,Medium,Lost,Oscarhaven,2026-02-27
44,Larry Garcia,farrelldebra@example.net,001-736-673-6576x6156,Mckay-Mcdaniel,Retail,Google Ads,37066,Low,Lost,Jonesland,2026-01-19
45,Patrick Watson,angelawillis@example.net,+1-651-765-6049,Lane and Sons,Technology,Website,7112,High,Qualified,Lake Timothy,2026-01-22
46,Justin Wilson,audrey68@example.net,+1-480-494-0244x550,"Sandoval, Jones and Figueroa",Education,Google Ads,15008,High,New,North Julieborough,2026-03-15
47,Glen Wood,kimberly99@example.org,9229901476,Nelson-Fischer,Retail,Google Ads,18380,High,Qualified,West Russellport,2026-05-12
48,Katelyn Estrada,walkertracey@example.org,2349324451,"Jordan, Anderson and Patel",E-commerce,LinkedIn,37422,Medium,Converted,New Angelica,2026-05-10
49,Andrea Hensley,grahamsteve@example.org,796-396-6416x05297,Richard-Sanchez,Finance,Facebook Ads,4832,Medium,New,Warrenfurt,2026-03-02
50,Connie Maxwell,dixondaniel@example.net,455.423.1243,"Jones, Bean and Burton",Finance,Website,4286,Medium,Lost,Webstershire,2026-03-29
51,Sonia Day,michelle52@example.com,377-644-9058,Hayes-Brown,Real Estate,Facebook Ads,4727,High,Lost,Chaseland,2026-04-30
52,Janice Carpenter,colelisa@example.net,759.378.2071,"Lucas, Williams and Zimmerman",Retail,Referral,5453,Medium,New,Warrenburgh,2026-03-12
53,Douglas Ortiz,erika05@example.org,818-464-4925x19254,"Fletcher, Miller and Hansen",Real Estate,Facebook Ads,38940,Medium,Qualified,Lisahaven,2026-01-19
54,Jessica Cox,kyle35@example.com,232.721.4188,"Anderson, Bennett and Martin",E-commerce,Referral,38042,Medium,Qualified,Lake Samuel,2026-03-21
55,Nathan Montes,karen73@example.net,847.835.9774,Montoya PLC,E-commerce,Instagram,16642,Medium,Qualified,Port John,2026-05-05
56,Mr. Timothy Dawson,mitchellkathryn@example.com,782.561.3750x606,Vang-Brooks,Finance,Google Ads,21720,High,Qualified,West Sarahmouth,2026-01-29
57,Dustin Gallegos,katherineharrison@example.net,8103432898,Young-Martinez,Real Estate,Referral,7552,Low,New,South Danielle,2026-05-01
58,Brian Stein,chenbailey@example.net,(446)309-5396,"Villegas, Jones and Fox",Healthcare,Instagram,5508,High,New,South Morganton,2026-05-04
59,James Burgess,kristina53@example.net,+1-319-952-0585x27722,Carter Inc,Education,Chatbot,36600,High,New,North Leslie,2026-03-02
60,Virginia Daniels,benjamin34@example.com,001-705-641-5667x65277,Acosta Inc,Technology,LinkedIn,35664,Low,Qualified,Morrisonburgh,2026-04-16
61,Brian Murphy,kirk96@example.org,001-775-470-5964x016,Thomas PLC,E-commerce,Website,9800,Medium,Qualified,Johnsonland,2026-02-15
62,Holly Reyes,jacobserika@example.com,(271)492-8565x431,Holmes-Mcintyre,Healthcare,Instagram,19465,Medium,New,West Kimberlymouth,2026-02-11
63,Donna Hendricks DDS,taylorcharles@example.org,001-771-555-1884x422,Galloway and Sons,E-commerce,Chatbot,18300,Medium,Lost,Port Troy,2026-03-12
64,Jackie Lara,cherylmiller@example.com,(778)466-9125x1778,"Bowman, White and Burch",Technology,Website,7048,Medium,New,Shawton,2026-01-25
65,Elizabeth Martin,michaeleverett@example.com,343-484-2498,"David, Moore and Hopkins",Finance,Chatbot,9573,Medium,New,Meganshire,2026-01-08
66,Alyssa Williams,debra96@example.net,+1-407-984-4736x4710,Washington-Harris,Education,Referral,47246,Medium,Qualified,West Michelle,2026-03-04
67,Shannon Hester,kathleenrobertson@example.org,537-414-7321x04696,Peck-Griffith,E-commerce,Facebook Ads,36755,Low,Qualified,Port Erik,2026-04-10
68,Shawn Jimenez,landrywilliam@example.org,695.200.4797,Jordan LLC,Healthcare,Google Ads,9352,Low,New,Kathrynstad,2026-01-09
69,Kelly Lee,charles87@example.net,599-812-1655x852,"Williams, Williams and Reeves",Technology,Chatbot,3614,High,Qualified,Stoneberg,2026-04-28
70,Brenda Velazquez,francisco94@example.net,688-287-9470x55169,"Wells, Coffey and Patton",E-commerce,Website,24178,High,Lost,Lake Brett,2026-04-04
71,Mark Harvey,rhernandez@example.org,8915307562,Shaw-Carr,E-commerce,Facebook Ads,16514,High,Lost,Salaston,2026-05-18
72,Daniel Nguyen,ufox@example.org,685.585.4973x348,Wise-Bush,Retail,Facebook Ads,49271,High,New,Stewartstad,2026-04-19
73,Rebecca Hill,berryamy@example.com,(624)604-1574x733,Rodriguez Ltd,Technology,LinkedIn,17263,Medium,New,East Brent,2026-04-14
74,David Garcia,jennifer12@example.org,+1-226-377-3454,"Andrews, Nichols and Sharp",Retail,Chatbot,31847,Low,New,East Robertburgh,2026-01-08
75,Jennifer Simpson DVM,nancy04@example.net,+1-515-347-8872x874,Martin-Stevens,Technology,Chatbot,15915,Low,New,Jennifertown,2026-05-24
76,Edward Craig,gregorychase@example.com,(585)916-1227x53046,Finley-Turner,Finance,Chatbot,5549,High,New,West Desireebury,2026-01-13
77,Julie Moore,hannah45@example.net,932.572.7956,Becker PLC,Real Estate,Google Ads,45532,High,Converted,New Seanstad,2026-01-16
78,Ashley Poole,ashleyhernandez@example.com,971.239.7187x07286,"Ford, Roman and Cummings",Retail,Website,18118,Low,New,Scotttown,2026-05-25
79,Benjamin Henderson,weaverbrian@example.org,404.762.2656x7661,White PLC,Real Estate,Google Ads,23654,High,Qualified,Ricebury,2026-01-01
80,Veronica Ford,opatel@example.org,352.343.1069x033,"Johnson, Harper and Warner",Real Estate,Website,26244,High,Qualified,East Joyfurt,2026-03-27
81,Daniel Shields,taylorvictoria@example.org,001-695-299-5342x8364,"Fry, Hobbs and Buck",E-commerce,Google Ads,1110,Medium,Qualified,Peterston,2026-03-08
82,Megan Floyd,heather62@example.com,(428)873-3427x0866,Scott LLC,E-commerce,LinkedIn,44950,Low,Qualified,South Melanieland,2026-04-15
83,Cheryl Adams,russojacob@example.net,001-583-873-5403x3173,Arnold LLC,E-commerce,Instagram,41839,Medium,Qualified,Owensstad,2026-03-01
84,Jose Crawford,langjennifer@example.com,655.860.9320,Hernandez-Rivera,Finance,Referral,21269,Medium,Qualified,Hudsonbury,2026-04-07
85,Terri Morgan,plevy@example.net,372.252.2872x8080,Gutierrez Ltd,Finance,Referral,9341,Low,Qualified,North Jasmine,2026-01-02
86,Jesus Brown,bhopkins@example.org,+1-286-800-8484,Rodriguez Inc,Healthcare,Referral,38296,Medium,Qualified,East James,2026-04-13
87,Hector Norton,watsonrichard@example.net,934.210.1666,"Smith, Jackson and Porter",Finance,Instagram,14774,Medium,Qualified,Newmanmouth,2026-04-20
88,Valerie Jacobson,hallrachel@example.net,001-474-701-4890,Ali PLC,Finance,Google Ads,29952,Medium,Qualified,Port Lori,2026-03-19
89,Elizabeth Elliott,irhodes@example.com,(821)785-0163x1599,Walters Group,Technology,Chatbot,49231,Low,New,Perezside,2026-03-14
90,Michael Guerrero,bartonkenneth@example.org,001-211-642-6265x511,Ward-Nelson,E-commerce,LinkedIn,41583,Medium,Converted,North Jacob,2026-03-29
91,Kayla Garcia,gomezchristopher@example.net,460-646-6183x98262,Adams-Thomas,Healthcare,Chatbot,14050,Low,Lost,South Joshua,2026-02-28
92,Mr. David Wright,mwheeler@example.com,924-706-5965,Ochoa-Villarreal,Education,Referral,5772,Medium,Converted,West Malik,2026-05-16
93,Ernest Oconnell,kelly79@example.org,564-965-1939x82807,Guerra-Jones,E-commerce,LinkedIn,26164,Medium,Qualified,Chambersberg,2026-05-03
94,David Moore,emccormick@example.com,+1-379-368-8680x589,Sandoval LLC,E-commerce,Website,7985,High,Qualified,Lake Cheyenne,2026-04-20
95,Miss Jennifer Goodwin,grodriguez@example.com,888.989.9375,"Chapman, Mason and Cooper",E-commerce,Referral,31444,Low,New,South Danchester,2026-01-17
96,Todd Thomas,matthew38@example.com,(371)477-5140x105,"Sanchez, Thompson and Moore",Retail,Google Ads,9738,High,Lost,Mullenbury,2026-03-20
97,Charlotte Sandoval,njohnson@example.org,496.760.3341x918,Gonzalez-Wilson,Real Estate,Instagram,30004,Medium,New,Rosemouth,2026-04-26
98,James Wilson,megan92@example.net,001-749-491-2513x412,"Price, Carlson and Andrews",Real Estate,Google Ads,11430,High,Qualified,Lopezside,2026-05-15
99,Tara Thompson,tracytaylor@example.com,890.950.7236x887,Mckinney-Wallace,Technology,Facebook Ads,42789,Medium,Qualified,North Ariana,2026-05-28
100,Andrew Walker,gary79@example.net,001-578-881-9148x58078,Fitzgerald Ltd,Healthcare,Instagram,29827,Low,New,West Nancy,2026-01-07
101,Gregory Montoya,hgrimes@example.org,595.296.2923,"Bell, Campbell and Ryan",Finance,Instagram,36399,Low,New,Tiffanyport,2026-02-26
102,Tiffany Robertson,taylorkaren@example.com,9424232536,"Chen, Burton and Brooks",E-commerce,Facebook Ads,47295,Low,New,Lake Lauraland,2026-03-20
103,Diana Mayer,shawn75@example.net,5179518636,Morris-Campbell,Real Estate,Google Ads,28248,Low,New,New Melissa,2026-03-08
104,Pamela Williams,ksmith@example.com,706.432.4241x541,Sanders LLC,Technology,Referral,46581,Low,Converted,South Diana,2026-05-17
105,Daniel Miller,aprilwallace@example.org,001-751-762-7136x111,Taylor-Ayala,Retail,Instagram,20569,High,Qualified,Lake Victoria,2026-01-28
106,Justin Bishop,scottbowen@example.net,001-826-797-3112x1965,Wright Ltd,E-commerce,Referral,40534,High,Converted,East Angelaport,2026-06-01
107,Alyssa Boone,jamie98@example.org,001-264-703-7613x7918,Anderson-Valencia,Education,Google Ads,2902,Medium,Qualified,Diazburgh,2026-05-29
108,William Jones,smithjason@example.org,(384)686-6618x8924,Dixon and Sons,Technology,Google Ads,9364,High,Qualified,New Mark,2026-04-24
109,Sandra Becker,collinssamuel@example.org,6314617990,Smith and Sons,Education,Referral,37987,Medium,Converted,East Tylerstad,2026-04-12
110,Samantha Green,david41@example.org,464-781-4917x78507,Scott Inc,Healthcare,Chatbot,31257,Low,New,East Joycetown,2026-01-09
111,Alexandria Williams,patrick22@example.org,+1-763-353-6541,"Nunez, Williams and Walker",Healthcare,Google Ads,22420,Medium,Qualified,South Caseymouth,2026-02-24
112,Emily Miller,msmith@example.com,001-549-437-5973,Randolph Inc,Technology,Google Ads,17532,High,Qualified,New Michael,2026-05-15
113,Tiffany Smith,usweeney@example.com,338-236-7024,Merritt PLC,Real Estate,Website,23935,Low,Lost,Haynesstad,2026-03-31
114,Angela Davis,danafoster@example.net,001-706-723-4456,Nelson-Jones,E-commerce,Website,3033,High,New,East Kimberly,2026-04-24
115,Brian Cole,richard85@example.org,447.341.1249x035,"Wright, Kelly and Palmer",Real Estate,Facebook Ads,16633,Low,Lost,Jorgeburgh,2026-01-07
116,Sarah Hawkins,codygarcia@example.org,600-332-3651,Osborn and Sons,Healthcare,Google Ads,46840,Medium,Qualified,Lambland,2026-03-06
117,Tom Williams,zunderwood@example.com,9664253244,Mendez PLC,Real Estate,LinkedIn,48078,Low,Lost,Lake Kenneth,2026-03-22
118,Karen Miller,mtaylor@example.net,638.406.5787x59856,Flores and Sons,Retail,Referral,2682,High,Converted,Port Kimberlyton,2026-04-02
119,Pamela Key,craigsandoval@example.com,+1-703-796-5223,"Johnson, Haynes and Meza",Education,Google Ads,47859,Low,Converted,New Stacy,2026-04-06
120,Casey Johnson,halljeffery@example.net,405.393.2525x0029,"Valencia, Yu and Brooks",E-commerce,Facebook Ads,7678,Medium,Lost,Willismouth,2026-02-28
121,William Oconnor,fconner@example.net,828-295-3926x44220,Guzman PLC,Real Estate,Chatbot,8933,High,New,Lake Ariana,2026-04-07
122,Patrick Young,gary15@example.com,2438315410,Oconnor-Costa,Finance,Referral,29074,Medium,Qualified,Snyderfurt,2026-03-10
123,Ashley Mendoza,franciscojones@example.org,705-941-1526x2181,"Johnson, Dunlap and Martin",Finance,Website,28528,High,Qualified,Mooreville,2026-03-06
124,Colton Terry,donna43@example.org,8693872050,Colon-Weber,Finance,LinkedIn,31129,High,Converted,Gonzaleztown,2026-02-10
125,Edgar Miller,parkerraymond@example.com,+1-941-686-2565x27047,Hood PLC,Real Estate,LinkedIn,18700,Medium,New,East Karenville,2026-01-17
126,Rhonda Gutierrez,angelarandall@example.net,(487)393-7416x08989,Thompson-Joyce,Education,Google Ads,48908,Medium,New,Port James,2026-01-09
127,William Graham,maryscott@example.net,916-286-8548,"Dean, Mills and Barnes",Technology,Website,19279,High,New,Hernandezshire,2026-04-25
128,Traci Garcia,hartcraig@example.com,+1-256-446-7997,Powell-Montgomery,Real Estate,Referral,44790,Medium,Qualified,Williamsmouth,2026-05-15
129,Patrick Mccall,andrew44@example.com,513.824.7546x9137,"Washington, Black and Brooks",Finance,Facebook Ads,32952,Low,New,New Laceyland,2026-03-02
130,Jennifer Deleon,thompsonnancy@example.org,9308705345,"Leblanc, Maldonado and Allen",Real Estate,LinkedIn,19105,Medium,New,Wheelerburgh,2026-04-03
131,Hannah Martin,kaitlyn14@example.org,(902)493-3334x6800,"Thompson, Owen and Walker",Retail,Facebook Ads,48190,Medium,New,Jenniferview,2026-03-24
132,Sarah Stevens,stevenbyrd@example.net,(391)708-5899x4417,Davidson-Hensley,E-commerce,Google Ads,43329,High,Qualified,Dianaport,2026-02-06
133,Ralph Yoder,rguerrero@example.org,001-507-944-6660x9935,"Howard, Evans and Jackson",Retail,Instagram,15522,Medium,New,West Connor,2026-01-25
134,Molly Hansen,staceylam@example.net,635-934-6554,Ruiz Ltd,Real Estate,Instagram,32015,Medium,New,South Pamelahaven,2026-01-24
135,Jane Evans,pittsedward@example.org,969-672-5217x52500,Juarez and Sons,E-commerce,Referral,22678,Medium,Qualified,South Kristen,2026-06-01
136,Lucas Schultz,epatterson@example.com,2082350583,"Gross, Perez and Wiley",Finance,Facebook Ads,8907,High,New,Davidfurt,2026-04-08
137,Carol Colon,stacy78@example.net,556.225.7532x60332,"Wagner, Martinez and Dawson",Real Estate,Chatbot,46230,Low,Qualified,South Nancyview,2026-05-30
138,Amber Vang,valdezandrew@example.net,567-261-8472,Fisher-Garcia,Finance,LinkedIn,39639,High,Qualified,Cindyberg,2026-03-23
139,Ashley Higgins,campbellkristen@example.com,493.248.3564,"Crawford, Clark and Fitzpatrick",Retail,Chatbot,13721,Medium,New,Jimmytown,2026-05-11
140,Brian Andrews,fhernandez@example.net,314-437-4470,Phelps LLC,Retail,LinkedIn,36005,Low,Lost,Ronaldville,2026-01-19
141,Stefanie Smith,elizabethjackson@example.com,894.915.5216x674,Banks-Robles,Real Estate,Instagram,46705,High,Qualified,East Heatherton,2026-01-31
142,Thomas Webb,ywhite@example.com,+1-202-577-1670x145,"Marks, Stone and Watts",Education,Website,1803,Medium,New,South Dorothybury,2026-04-04
143,Michael Cruz,smithsarah@example.net,872.817.5354x0838,Miller Group,Finance,Facebook Ads,4367,Medium,New,Millerfort,2026-03-28
144,William Mcgee,garciarobert@example.net,+1-901-799-4883,Bryan-Velasquez,Retail,Google Ads,33227,Low,Converted,Riverafort,2026-05-20
145,Michelle Wilson,aaronkelly@example.net,588-551-0272x6149,Conrad Group,Healthcare,Facebook Ads,37886,High,Lost,South Makayla,2026-02-07
146,Ashley Perry,bartonshannon@example.net,001-982-470-8086,"Lane, Cross and Anderson",Retail,Referral,28274,Medium,Qualified,Sandovalmouth,2026-04-08
147,Jennifer Lynch,joshuastuart@example.com,522.669.8485x833,"Reed, Chambers and Zavala",Real Estate,Google Ads,30524,High,New,New Amy,2026-05-04
148,Brian Bell,qaguilar@example.net,(484)660-8106x20034,"King, Franco and Vaughn",Education,Instagram,38265,Medium,Lost,Jamesside,2026-01-07
149,Jesse Jensen,juliahoffman@example.org,540.766.6580x04397,"Payne, Morrison and Parsons",Retail,Chatbot,14617,Medium,Qualified,West Shane,2026-05-13
150,Victor Moss,bennettroy@example.net,222-694-0572x025,Tyler-Pierce,Healthcare,Facebook Ads,12391,Medium,New,Port Jasminehaven,2026-02-12
151,Kelly Hartman,robertherrera@example.org,(233)355-5439x878,"Reed, Allen and May",Education,LinkedIn,39916,Medium,Qualified,North Felicia,2026-03-04
152,Robert Wilson,amber40@example.net,001-258-387-7043x58112,Santiago and Sons,E-commerce,Instagram,47070,High,Converted,Houstonborough,2026-04-15
153,Sherry Figueroa,elucas@example.net,+1-520-675-0110x24819,Hughes-Mccoy,Finance,Chatbot,41963,Medium,Qualified,Stewartfurt,2026-05-11
154,Aaron Cortez,avilabrenda@example.net,958-814-4914,Short-Johnson,Real Estate,Facebook Ads,43443,Low,Lost,New Jeffrey,2026-05-26
155,Robert Gardner,kennetheaton@example.net,+1-350-688-2100x9968,Goodman Ltd,Retail,Website,11873,High,New,Jasonhaven,2026-01-28
156,Daniel Davenport,dannylambert@example.net,5879814141,Howard-Lambert,Real Estate,Instagram,29780,Low,Qualified,North Justin,2026-01-14
157,Emily Hayes,heather29@example.net,(756)920-5336x452,Griffin-Hampton,Finance,Referral,36388,Medium,Converted,Arnoldburgh,2026-05-06
158,Sarah Trevino,patriciagonzalez@example.net,+1-611-908-0996x9308,"Rowe, Diaz and Walker",Education,LinkedIn,22123,Medium,New,Dennishaven,2026-04-10
159,Jack Smith,melaniedrake@example.net,+1-928-527-2299x27503,Baker and Sons,E-commerce,Chatbot,38696,Medium,Lost,Lake Jamiestad,2026-03-17
160,Jesse Williams,dakota84@example.net,898-592-6659x184,"Sullivan, Roth and Reed",E-commerce,Chatbot,18662,Medium,New,Eatontown,2026-04-08
161,Jessica Hall,jason22@example.com,+1-813-265-1777x392,Williams PLC,E-commerce,Google Ads,19229,Low,New,East Crystal,2026-01-08
162,Bridget Jackson,zacharysullivan@example.net,+1-404-413-7977x2369,"Keller, Baker and Ramsey",Technology,Google Ads,6979,Medium,New,Sandrashire,2026-01-14
163,James Rodriguez,alexandrablankenship@example.net,(429)212-7990x88117,"Banks, Boyd and Wood",E-commerce,Website,11539,Medium,Qualified,Lake Alyssabury,2026-04-04
164,Jane Chapman,colemanjonathan@example.org,349-286-4300,Pena-Watts,Education,Chatbot,37051,Low,New,Robertville,2026-01-31
165,Kevin Green,ncunningham@example.com,+1-763-868-8725x88744,"Taylor, Shields and Wilson",Finance,Website,27488,High,Converted,South Krista,2026-02-01
166,Jordan Hartman,martintamara@example.org,727-396-1143,"Johnson, Cruz and Joyce",Real Estate,Google Ads,28082,Low,New,Jenniferton,2026-05-31
167,Margaret Gonzales,melissagalvan@example.net,430-398-8392x0530,Chan-Gomez,Technology,Google Ads,41986,Medium,Qualified,Sullivanborough,2026-04-11
168,Michael Calhoun,jessica89@example.com,(343)393-7690x426,"Phillips, Arroyo and Pratt",Real Estate,Facebook Ads,19876,Medium,New,Nancyshire,2026-02-18
169,Tracy Hart,katherineali@example.com,+1-279-607-1416x33565,Mitchell Group,E-commerce,Referral,16682,High,Converted,Charlesburgh,2026-04-03
170,Daniel Berry,staceyvega@example.org,333.334.3333x9521,"Sosa, Vasquez and Smith",Real Estate,Google Ads,7108,Low,Lost,Port Timothymouth,2026-04-06
171,Sierra Andrews,travis84@example.com,792.808.6780,"Parsons, Bryant and Martinez",Retail,LinkedIn,11090,Medium,New,Stewarttown,2026-01-03
172,Jamie Garcia,chloe42@example.net,734-779-5527x636,Ramirez-White,Finance,Google Ads,32621,High,Qualified,New Gina,2026-01-20
173,Regina Peters,zgonzalez@example.net,(770)926-7288,King-Garrison,Healthcare,Google Ads,13491,High,New,South Coreyburgh,2026-01-12
174,David Combs,colematthew@example.com,(488)645-0615x939,Nguyen-Dixon,Healthcare,Chatbot,5575,Medium,New,Prestonfurt,2026-04-30
175,Mark Thomas,daniellemcfarland@example.com,+1-899-661-1253x5544,Norman-Mcmillan,Technology,Referral,18509,High,New,Gutierrezburgh,2026-01-05
176,David King,clarkrandy@example.org,678-400-6811,Pena Group,Technology,Referral,39005,High,Qualified,Jeromeport,2026-03-28
177,Bonnie Roberson,johnsonmichael@example.com,878.648.7282x9979,Olson-Perez,Education,Referral,32741,Medium,New,South Kylechester,2026-02-20
178,Adam Mills,mauriceharrison@example.org,001-577-840-6493x085,"Kim, Wright and Espinoza",Education,Google Ads,22088,High,Converted,Claytonbury,2026-02-21
179,Mario Black,justin84@example.com,612.924.1797,Flores and Sons,Healthcare,Chatbot,27920,Low,Qualified,New Andrewville,2026-02-24
180,Mike Acosta,christophersmith@example.org,964-475-7051x20461,Huang LLC,Technology,Google Ads,26302,High,New,Claytonville,2026-05-30
181,Janice Proctor,joanjohnson@example.com,001-618-937-6452x0881,"Evans, Ward and Williams",Education,Website,9273,Medium,New,North Joel,2026-03-26
182,Christopher Hill,fosterjohn@example.org,001-379-725-1327,"Brown, Kelly and Moore",Retail,Chatbot,29855,Low,New,East Tonymouth,2026-04-19
183,Nicole Trujillo,bquinn@example.net,(452)740-7784x8739,Oconnor-Hill,Healthcare,Google Ads,43911,High,Qualified,North Amanda,2026-03-29
184,Dennis Richardson,parsonswilliam@example.net,(809)559-3518,"Vega, Cannon and Moore",Finance,Instagram,41845,Medium,Qualified,Marcusmouth,2026-01-22
185,Matthew Williams,gregoryjohnson@example.org,531.309.6789x9405,Conrad and Sons,Finance,Chatbot,45194,High,New,Hebertland,2026-04-01
186,Amy Grant,yshort@example.net,3943801413,"Hall, Cruz and Lee",E-commerce,LinkedIn,32978,High,Converted,New Colleen,2026-02-04
187,Kristin Reese,emily61@example.org,(786)785-2897,"Frey, Nguyen and Watson",Healthcare,LinkedIn,45852,High,Qualified,Mckenziemouth,2026-04-29
188,Joshua Brooks,michael77@example.com,6045908240,Foley Inc,Education,Website,42533,High,Qualified,Samanthahaven,2026-04-19
189,Laura Davis,ikelly@example.com,(793)934-4196x931,Freeman Ltd,E-commerce,Instagram,2897,Low,Lost,New Dawnton,2026-05-22
190,Jane Deleon,michael66@example.org,001-539-406-0480x58925,Nunez Group,Finance,Google Ads,10540,Low,Qualified,Mullinsshire,2026-04-09
191,Jeffrey Hartman,davidmiller@example.net,001-508-964-1686x2278,Pearson-Gonzalez,Technology,Facebook Ads,12140,Low,Lost,East Charles,2026-05-31
192,Michael Johnston,powersrodney@example.com,955.490.4259,Williams-Meyers,Real Estate,LinkedIn,16783,Medium,Qualified,Lake Nathaniel,2026-05-28
193,Angelica Singh,stacymcintosh@example.com,5515477053,"Mills, Green and Webb",Education,LinkedIn,17644,Medium,Lost,Lake Holly,2026-01-04
194,Taylor Rose,george43@example.net,+1-840-570-1645x104,Romero-Mckinney,Education,Instagram,45407,Medium,New,Toddside,2026-01-18
195,Jonathan Ellis,williamssandra@example.com,876-220-5554x38404,"Avery, Perez and Peterson",Finance,Referral,20605,Medium,Converted,Sandovalland,2026-05-22
196,Tyler Salazar,robertberry@example.com,495-878-2329x8324,Douglas PLC,Education,Chatbot,20799,Low,Lost,West Carlos,2026-04-14
197,Bailey Stewart,jessicacannon@example.com,(547)542-3122x09949,Mcdaniel LLC,Retail,Facebook Ads,25993,Medium,Qualified,Lake Kimberlyberg,2026-04-08
198,Julie Banks,melissahenry@example.org,(533)506-0463,Thompson Group,E-commerce,Instagram,2437,High,New,Wattsmouth,2026-02-17
199,Ricardo Franklin,zcortez@example.net,001-899-288-0817x7038,"Hughes, Hubbard and Estes",Real Estate,Chatbot,45944,High,New,West Scott,2026-03-01
200,Donna Jackson,christie08@example.org,971.281.2982x665,Chavez Ltd,E-commerce,Google Ads,19756,High,Converted,South Christopher,2026-03-04
201,Susan Hogan,davisjasmin@example.net,(718)468-9268x602,Melton and Sons,Finance,Facebook Ads,42721,Low,Qualified,South Kylemouth,2026-02-26
202,Autumn Anderson,adamcannon@example.org,877.980.9733x977,Burke Inc,E-commerce,Chatbot,44200,Medium,Converted,New Joshua,2026-05-03
203,Samantha Williams,brianbailey@example.org,4994451016,"Mitchell, Guerrero and Graves",E-commerce,LinkedIn,3583,Medium,New,South Kara,2026-03-11
204,Anna Evans,priscilla16@example.net,547-521-4586,"Brown, Duncan and Krause",Finance,LinkedIn,9612,Low,New,South Jenniferport,2026-03-24
205,Emily Fox,sara99@example.com,877.829.3430x10713,Cook PLC,Education,Facebook Ads,14159,Low,Lost,North Danielle,2026-05-14
206,Richard Parker,katie15@example.com,(499)902-3557x7027,"Huang, Ford and Olsen",Finance,Referral,33885,High,Converted,Port Adrianashire,2026-05-21
207,Kristen Smith,lauren51@example.org,605-768-2996x291,"Johnson, Gutierrez and Crawford",Technology,Google Ads,20342,High,New,West Shannon,2026-02-28
208,Eric Rodriguez,stricklandrobin@example.com,407.582.3578x45218,"Johnson, Hughes and Hancock",Education,Website,10224,High,New,North Larryton,2026-05-14
209,Shelby Cook,garciakatie@example.net,309-643-5334x4857,Moore Inc,E-commerce,LinkedIn,27044,High,Converted,New Anitaville,2026-02-10
210,Kirsten Nelson,audrey21@example.com,+1-358-870-2070x160,White-Carlson,Technology,Google Ads,1912,Medium,New,Jensenport,2026-03-06
211,Michelle Lambert,beltrankatelyn@example.com,001-521-571-7477,Callahan PLC,E-commerce,LinkedIn,45062,Medium,New,Robertafurt,2026-02-05
212,Mary Mccormick,shawn01@example.com,457-372-4599,Roth-Robles,Finance,Website,45226,Low,Qualified,Angelaland,2026-02-28
213,Jennifer Gutierrez,amydickson@example.com,553-496-6958,"Caldwell, Stevenson and Joseph",Real Estate,Instagram,40982,Low,Qualified,Wilsonmouth,2026-03-05
214,Samantha Thompson,gjones@example.net,+1-965-670-1329x022,Gilbert-West,Education,LinkedIn,20804,Medium,Qualified,Lake Natalie,2026-02-28
215,Susan Torres,wrobbins@example.org,001-209-286-2405,"Castro, Irwin and Rodriguez",Retail,Instagram,33284,Low,New,Michellebury,2026-03-25
216,Jennifer Flores,bsullivan@example.net,427.623.8656,"Martinez, Smith and Wong",Healthcare,Google Ads,30729,Medium,Qualified,Lake Nicole,2026-05-08
217,William Miller,ydalton@example.net,+1-469-827-8687x653,"Smith, Jimenez and Simon",E-commerce,LinkedIn,11126,High,Converted,Robertside,2026-04-22
218,William Carroll,daniel71@example.org,001-684-278-1891x3718,Nichols-Smith,Education,Referral,27746,High,Converted,Huntfort,2026-04-22
219,Jennifer Yu,keith09@example.net,994-307-9290x4904,Wagner LLC,Finance,Facebook Ads,30057,Medium,Lost,Davidview,2026-02-23
220,Alexis Rodriguez,reneestevenson@example.net,452.943.7280x512,Townsend-Young,Retail,LinkedIn,25073,Medium,Qualified,Barberburgh,2026-02-10
221,Sarah Brown,karla10@example.org,867.247.8366x742,Ho-Cole,Education,Instagram,13439,High,Qualified,Suzanneton,2026-01-19
222,Marcia Blanchard,pbishop@example.com,744-214-9673x93852,"Smith, Jones and Jenkins",Healthcare,LinkedIn,42909,Medium,Qualified,Lake Seanbury,2026-05-21
223,Corey Johnson,brownbrooke@example.org,+1-611-919-2692x124,"Mayer, Fowler and Livingston",Finance,Facebook Ads,9252,High,New,Kaylamouth,2026-02-19
224,Benjamin Waters,dprice@example.com,827-517-3962x712,"Schneider, Gaines and Baldwin",Technology,Referral,14576,Medium,Qualified,North Charlesshire,2026-05-22
225,Jeremy Mosley,denisesmith@example.org,+1-564-225-6908x77661,Finley-Meyers,Healthcare,Chatbot,40058,Low,Lost,Martinezside,2026-03-11
226,Eric Brown,diazmelissa@example.com,674-832-8063,Mccoy LLC,Real Estate,Instagram,12435,Low,Lost,Millermouth,2026-05-23
227,Andrew Johnson,tracybrown@example.net,+1-547-987-0050x5061,"Berg, Herrera and Figueroa",Finance,Chatbot,16593,Medium,New,North Benjamin,2026-01-28
228,Alec Meadows DDS,jacquelineanderson@example.org,+1-504-317-9291x1179,Simmons Ltd,Retail,Facebook Ads,49609,Medium,Qualified,Nguyenshire,2026-04-17
229,Russell Mcguire,watkinsmatthew@example.org,326-825-8273x902,Smith Group,Education,Google Ads,24726,Medium,New,North Adrianland,2026-05-18
230,Stacie Butler,nschwartz@example.org,+1-348-676-3290x9279,Barnes-Grant,Healthcare,Referral,3841,High,Qualified,North Valerie,2026-01-19
231,Shari Hatfield,stevensims@example.org,603-512-7722x005,King-Jensen,E-commerce,Website,4986,High,Qualified,Williamston,2026-04-15
232,Richard Washington,jonesjoe@example.com,001-595-363-5315,Rojas and Sons,Retail,Google Ads,47687,High,New,Vanceland,2026-04-02
233,Amy Graham,sarahgibson@example.com,(627)435-4352x090,York Group,Finance,Referral,10721,Low,Qualified,Jacksonmouth,2026-02-12
234,Lindsey Clarke,belindatran@example.org,268-873-9774,"Salas, Wright and Hamilton",Real Estate,Referral,47671,Medium,Converted,New Sophia,2026-04-22
235,Jennifer Williams,gquinn@example.org,(786)671-7731x80632,Holland Inc,Education,Referral,40677,Medium,New,South Elizabethburgh,2026-05-17
236,Kelly Silva,iford@example.net,(525)370-1658x0464,"Gilmore, Fitzgerald and Brown",E-commerce,Chatbot,37132,High,Qualified,Pamelaville,2026-03-16
237,Manuel Diaz,deborahbush@example.net,001-732-653-8179x335,"Frazier, Ramirez and Brown",Healthcare,Google Ads,23212,High,Qualified,Shaunhaven,2026-04-13
238,Julie Patel,shannon51@example.org,911.462.4112x412,Meyer Ltd,Retail,Instagram,28968,Medium,New,West Robertside,2026-01-26
239,Jason Rojas,carterbryan@example.org,456.695.5798x87749,Mccormick and Sons,Healthcare,LinkedIn,32081,Low,New,Watsonport,2026-05-30
240,Brittany Mitchell,christinemartin@example.net,722-422-3105x9274,Hart Inc,Retail,LinkedIn,49417,Medium,Converted,Tiffanyberg,2026-03-14
241,William Ferguson,knapprichard@example.com,001-927-752-0885x47492,"Rodriguez, Mendoza and Williams",Real Estate,Referral,37810,Medium,Qualified,West Angelbury,2026-03-28
242,Gabriel Franklin,brandywalker@example.com,901.787.1863,"Jacobs, Harding and Kerr",Technology,LinkedIn,28717,High,Lost,Raymondchester,2026-03-13
243,Adam Cooper,tiffany81@example.org,001-576-674-2662x9912,Mcneil-Fox,Real Estate,Instagram,24045,Low,New,Carlshire,2026-05-27
244,Aaron Fowler,robert87@example.net,001-623-626-4870,Hansen-Ford,E-commerce,Google Ads,15696,High,New,Port Aaronview,2026-02-28
245,Sandra Kennedy,robert73@example.org,847-619-5979,"Jennings, Mccann and Cardenas",Finance,Website,19256,Medium,New,Williamshire,2026-01-04
246,Carla Brown,steven25@example.org,3455650448,"White, Davis and Goodwin",Technology,Chatbot,41745,Medium,Converted,Moniqueport,2026-02-22
247,Melissa Davis,madeline02@example.net,357-865-2132x8338,Moon-Wilson,Real Estate,LinkedIn,46447,Medium,Qualified,North Timothy,2026-03-02
248,Brenda Ramos,gerald40@example.net,332-823-4232,"Hines, Rodriguez and Smith",Technology,Instagram,23270,Medium,Lost,Toddton,2026-02-08
249,Ricky Palmer,harrisonrebekah@example.org,440-711-9393,Davis Ltd,Real Estate,LinkedIn,27265,Low,Lost,Stacystad,2026-03-10
250,Jonathan Chandler,williamjones@example.net,001-408-933-4280x13875,"Rosario, White and Kelly",Retail,LinkedIn,35765,Low,Qualified,Colemanhaven,2026-02-14
251,Philip Edwards,irodriguez@example.com,001-954-580-1571x64794,"Russell, Mercer and Patterson",Healthcare,Instagram,21423,High,Converted,Port Leahstad,2026-02-04
252,Michael Powers,qkim@example.net,712-566-9121,Gonzalez-Anthony,Retail,Facebook Ads,11316,High,Qualified,Martinezchester,2026-05-21
253,Dr. Ralph Wheeler DDS,qkelly@example.net,(278)342-7114x7732,"Brown, Jones and Gregory",Finance,Google Ads,44380,Medium,Qualified,South Cassandra,2026-03-05
254,Marco Davis,guerreroapril@example.com,234.877.8485x880,Reyes LLC,Finance,Facebook Ads,34577,Low,New,Ramoston,2026-01-07
255,Matthew Chan,travistaylor@example.net,(271)897-8897x7828,Simpson-Arellano,E-commerce,LinkedIn,39871,Medium,Qualified,Katieport,2026-03-04
256,Kevin Anderson,michael90@example.net,361-365-5650x33349,Wilson-Jackson,Education,Referral,4590,Low,Lost,Benjaminchester,2026-04-21
257,Jennifer Smith,uchapman@example.com,001-965-791-7135,Mendez LLC,Technology,Facebook Ads,17745,Medium,New,Harrisland,2026-04-15
258,Derek Evans,nballard@example.net,991-895-4198,Reed Inc,E-commerce,Google Ads,12514,Low,Qualified,Williamport,2026-03-26
259,Emily Perry,colleen78@example.org,8822973748,"Gonzalez, Ford and Allen",Real Estate,Referral,44781,High,Converted,Meganchester,2026-03-03
260,Susan Walters,sadams@example.net,(249)536-3123,Marshall-Castro,E-commerce,Website,29588,Low,Lost,Hendersonton,2026-02-09
261,Chad Green,donna20@example.net,500.315.9416x5162,"Navarro, Fitzpatrick and Boyd",Real Estate,Google Ads,38578,Medium,Qualified,Tylerland,2026-02-16
262,Patricia Edwards,vshaffer@example.org,(732)312-3476x49078,Gardner-Wells,Retail,Google Ads,2366,High,Lost,West Natasha,2026-01-29
263,Mike Underwood,brewerrebecca@example.org,001-203-848-6451x8376,Turner-Mayer,Real Estate,Google Ads,46194,High,Qualified,West Jason,2026-02-01
264,Lynn Suarez,rmccormick@example.org,001-777-965-6124x81569,"Johnson, Williams and May",Retail,Facebook Ads,29552,Medium,Qualified,Gibbsberg,2026-01-01
265,Mark Edwards,rodriguezjohn@example.net,001-329-865-7724x29543,White-Walter,Technology,Instagram,49877,Medium,New,North Stacy,2026-04-19
266,Lori Meadows,sgonzalez@example.org,4693694215,Higgins Group,Retail,Referral,42499,Low,Qualified,Wilcoxfort,2026-01-24
267,Dale Shah,keith76@example.org,(939)534-3626x20443,Aguilar-Holland,Technology,Instagram,24009,High,New,North Taylormouth,2026-05-15
268,Daniel Reyes,qfitzgerald@example.org,280-205-3759,Wagner-James,Healthcare,Website,10597,Medium,Qualified,Lambertberg,2026-04-19
269,Christopher Jackson,dconrad@example.org,458-962-4150,Adkins-Howe,Technology,Chatbot,43959,Low,Qualified,Ravenview,2026-04-30
270,Tammy Black,ustafford@example.net,428.970.3203x2074,Wilson-Woodard,Technology,Referral,38976,Medium,Qualified,Williamsstad,2026-05-18
271,Judith Rodriguez,daviddavis@example.com,(428)849-9390,Sanchez Group,Real Estate,Instagram,42105,Medium,Qualified,West Anthonyville,2026-03-18
272,Timothy Rodriguez,eric17@example.net,+1-277-649-0509x75923,Yates-Manning,Education,LinkedIn,20845,High,Converted,Davisview,2026-02-04
273,Randy Ross,phelpsfrank@example.com,521-947-6492x5158,Mcclure-Alvarez,Real Estate,Website,21342,Medium,New,Davischester,2026-03-13
274,Jessica Simmons,palmerteresa@example.net,327.988.1476,Hernandez-Anderson,Technology,Instagram,6028,Medium,Lost,Mckenziehaven,2026-03-25
275,Anthony Jones,palmerwilliam@example.com,279-345-4918,"Stanley, White and White",Real Estate,Google Ads,31324,Medium,New,Williamschester,2026-05-17
276,Kevin Gibson,qhanson@example.com,(232)219-4168,Wilson-Jackson,Technology,Referral,43718,Low,Converted,Stevensfurt,2026-05-08
277,Lindsay Tucker,hannah64@example.org,(920)431-0303,"Allen, Wilkinson and Garrison",Healthcare,Website,30525,Low,Lost,North Kevin,2026-03-31
278,Javier Wilson,joannewallace@example.com,807.893.3496x0501,Mclaughlin-Larson,Retail,Referral,43344,Low,New,Benjaminfurt,2026-04-05
279,Misty Mcconnell,dhall@example.net,3699581467,"Mcmillan, Reed and Terry",Education,Referral,35258,Medium,Converted,East Keithborough,2026-04-02
280,David Robinson,sandra72@example.com,001-566-457-2934x1722,"Vasquez, Leon and Hahn",Finance,Google Ads,27789,High,Converted,Torresborough,2026-04-19
281,Albert Ibarra,erica28@example.org,956-619-3183,Glover-Hammond,E-commerce,LinkedIn,22931,Low,Qualified,Paulahaven,2026-04-28
282,Michelle House,wlloyd@example.org,399-518-0812,Moore-Carter,Education,Instagram,17514,High,New,Gillfort,2026-05-23
283,Brittany Cox,davidharris@example.com,001-403-875-4821x45653,Taylor Group,Finance,Website,39190,Medium,Qualified,Hardinmouth,2026-04-11
284,Heidi Johnson,kaylarobbins@example.net,215-456-2606,"Brown, Welch and Reeves",E-commerce,LinkedIn,44393,Medium,Qualified,Robertside,2026-03-01
285,Emily Cooper,rachel92@example.net,(773)889-9756x3410,"Higgins, Hobbs and Meyer",Retail,Instagram,37629,Medium,New,Jasonhaven,2026-04-18
286,Glen Reid,johnsonlaura@example.net,234-368-1054x851,Evans-Doyle,E-commerce,LinkedIn,49416,High,Converted,Morganbury,2026-05-25
287,Krystal Kline DDS,michaelmitchell@example.net,001-526-783-1589,Garcia-Dawson,E-commerce,Google Ads,34324,Medium,Qualified,Millerton,2026-03-24
288,Karen Griffin,erica69@example.net,964.497.6776x22827,"Palmer, Rice and Benson",Healthcare,Instagram,32868,Low,Lost,Kennedyburgh,2026-04-19
289,Trevor Guzman,xrodriguez@example.net,408-821-5454x4702,Zuniga LLC,Finance,Chatbot,7628,Medium,Lost,Jasonfort,2026-01-01
290,Gregory Harrell,tolson@example.net,756.379.2287x772,"Beck, Ortiz and Hall",Real Estate,Website,44380,Medium,Qualified,Morganton,2026-05-11
291,Nancy Brewer,jasminearmstrong@example.net,981-281-3989x0983,Barrett PLC,Education,Facebook Ads,11633,Low,Lost,North Joshua,2026-02-09
292,Michael Clay,imiller@example.net,669-307-0562x60856,Petty PLC,Healthcare,LinkedIn,29683,Low,Converted,West Douglas,2026-02-19
293,Brittany Farley,brianwoodward@example.org,6048615265,Williams and Sons,Healthcare,Google Ads,41015,Medium,Qualified,South William,2026-04-08
294,Brian Brown,etran@example.com,4636048913,"Russell, Miller and Fields",Healthcare,Instagram,31737,High,Qualified,Port Tammy,2026-03-14
295,Carol Sanchez,jali@example.com,6076942007,"James, Bell and Chen",Real Estate,Google Ads,31256,High,Qualified,Brandonside,2026-04-20
296,Brandon Hale,jessicalutz@example.com,798.755.4743,Stevens PLC,Education,Facebook Ads,14087,High,Lost,Allenberg,2026-05-06
297,Lisa Smith,chambersrobert@example.net,001-776-881-1807x156,Combs Ltd,Retail,LinkedIn,32495,High,New,North Stevenborough,2026-03-28
298,Patrick Chang,james94@example.net,237.550.4793,"Foster, Kane and Carroll",E-commerce,Chatbot,34810,High,Qualified,Jacksonborough,2026-05-09
299,Megan Morrison,cameronanderson@example.org,(649)938-4308,Pace Ltd,Healthcare,Instagram,30446,High,New,Port Sheilachester,2026-03-21
300,Michael Owens,zachary03@example.org,568-875-0635x190,Stark and Sons,Retail,Facebook Ads,30565,High,New,West Lance,2026-05-02
301,Alyssa Reynolds,watkinsconnie@example.com,931-373-5058x319,"Griffin, Martinez and Villegas",Education,Referral,25507,Low,New,South Lawrenceland,2026-06-01
302,Thomas Ramos,cheryl61@example.org,+1-908-804-6619x63990,Pope-Hobbs,Retail,Instagram,7493,High,Qualified,West Debratown,2026-03-30
303,Leah Rodriguez,larsoncarlos@example.org,001-428-545-6797,Robles Inc,Healthcare,Facebook Ads,3510,Medium,Qualified,West Breanna,2026-04-10
304,Nicole Collins,dylanparker@example.com,550-589-2038x8065,"Kerr, Glover and Peterson",Healthcare,Chatbot,47238,Medium,Qualified,Nealmouth,2026-04-27
305,Sarah Knight,christina65@example.org,570-573-0337,Navarro-Cisneros,Retail,Website,17772,Low,Lost,Lindsayfurt,2026-02-09
306,Ronald Smith,jonesanthony@example.org,(547)639-5003,Robinson LLC,E-commerce,Referral,35588,Medium,Converted,West Melanie,2026-02-17
307,Alex Cameron,smitherica@example.com,+1-315-334-7355x2896,Andrade and Sons,Retail,Website,16626,Medium,Qualified,East Amanda,2026-05-15
308,Kyle Rowland,samanthahines@example.net,984.525.3042,"Miller, Ruiz and Alvarado",Retail,Chatbot,33756,Medium,Qualified,East Williamhaven,2026-03-14
309,Mr. Frank Brooks DDS,lwells@example.com,+1-490-733-3736x3466,Pierce-Taylor,Real Estate,Facebook Ads,48090,Low,New,West Seanstad,2026-02-14
310,Julie Oliver,bhayes@example.com,(375)646-0273x415,"Hunt, Schneider and Hartman",Finance,Facebook Ads,38399,Medium,New,North David,2026-03-11
311,Curtis Gonzalez,john43@example.net,+1-928-440-4456x690,Perez-Cummings,Finance,Website,35475,Medium,Converted,South Jesus,2026-04-24
312,Nina Sharp,fpeterson@example.com,466.437.7805,Harding-Smith,Education,Chatbot,31810,Low,Lost,Matthewchester,2026-03-24
313,Jennifer Osborne,mark09@example.org,(525)899-9966,Ferguson and Sons,Finance,LinkedIn,2064,Medium,New,Rodriguezshire,2026-03-29
314,Elizabeth Jackson,antoniobarker@example.com,3239164334,Wood Inc,E-commerce,LinkedIn,42173,Low,New,West Michele,2026-03-21
315,William Anderson,emendoza@example.com,623.546.7299,"Moran, Stevens and Harris",Finance,Facebook Ads,3905,Medium,Lost,South Caleb,2026-03-19
316,Danielle Murphy,kstevens@example.org,001-814-975-4692x6329,Bartlett-White,Healthcare,Chatbot,45871,Medium,Converted,South Hollyton,2026-02-16
317,Brooke Khan,elizabeth13@example.com,(281)951-1856x72438,Jones Ltd,Technology,Facebook Ads,5135,High,Qualified,Jamesfurt,2026-02-07
318,Adam Wilson,markgoodman@example.com,311.483.7274x220,Martinez-Figueroa,Healthcare,Website,14072,High,New,North Emily,2026-01-03
319,Brittany Howard,jenniferstafford@example.net,270.281.6470,Wang-Mcfarland,Real Estate,Google Ads,36588,Medium,Lost,Reginaborough,2026-01-18
320,Alexis Smith,erinbrown@example.org,+1-822-806-8155x83938,Hall Inc,Healthcare,Instagram,24394,High,New,Marcustown,2026-03-20
321,Alexandra Lewis,cameronbriggs@example.net,+1-450-613-6497x189,Greene Ltd,Finance,Instagram,9157,High,Lost,Gregoryberg,2026-03-06
322,Philip Watts,bjones@example.net,001-276-383-8903,Young-Patterson,E-commerce,Google Ads,26339,Medium,New,New Christopher,2026-01-27
323,Edward Hernandez,dawnyoung@example.net,+1-775-724-5086x403,Harris Inc,Education,Instagram,35031,Medium,Qualified,Port Grace,2026-05-20
324,Shane Boyd,scottsmith@example.com,530-523-2129,"Miller, Hardy and Collins",Retail,Google Ads,40482,High,Qualified,East Roger,2026-04-28
325,Dustin West,josephharrington@example.org,(266)827-7689x627,Dickerson-Blake,Finance,Website,6247,Medium,New,Brookeberg,2026-04-18
326,Dawn Ford,jcampbell@example.net,815.827.3230x0857,Waller-Brooks,Real Estate,LinkedIn,28925,Low,New,Parkershire,2026-01-14
327,Andrew Dorsey,kfrederick@example.org,001-764-258-7506x63370,"Wade, Hernandez and Jacobs",Retail,LinkedIn,24105,Medium,Qualified,West John,2026-04-23
328,Sarah Smith,newmansabrina@example.com,001-891-683-6264x488,"Jenkins, Walter and Luna",Technology,Website,5917,Medium,New,North Daisystad,2026-01-28
329,Daniel Goodman,adam27@example.org,716-486-4622,"Taylor, Tucker and Shaw",Technology,LinkedIn,45525,Low,New,South Ashleyborough,2026-02-06
330,Paul Lamb,jordanbarrera@example.com,291.521.4161x415,Washington-Hodges,Real Estate,LinkedIn,29716,Low,New,North Josephtown,2026-05-10
331,Victoria Davis,bennettabigail@example.com,275.796.5555x3566,Drake-Smith,E-commerce,Instagram,24733,Medium,Qualified,Hardyberg,2026-01-05
332,Sheila Ramirez,miguelmontgomery@example.net,986.830.5050x5739,"Salazar, Miller and Patterson",Healthcare,LinkedIn,30486,High,Converted,Hatfieldville,2026-05-23
333,Lawrence Joseph,andersonlaura@example.com,+1-887-227-1783x33211,Hickman LLC,Retail,Referral,10023,Medium,Qualified,Mirandabury,2026-05-20
334,John Merritt,wadesandra@example.net,001-571-553-9915x6686,Wilson-Miller,Finance,Facebook Ads,8434,Low,Lost,West Joyborough,2026-05-25
335,Laura Anderson,stephanie90@example.com,5983366552,Smith-Phelps,Education,Referral,8717,Medium,Qualified,Duaneport,2026-02-12
336,Mr. Kyle Thomas DDS,georgekyle@example.net,749-473-7460,"Clark, Oconnor and Cochran",Healthcare,Referral,19715,Medium,Qualified,Port Kimberlyfort,2026-05-22
337,William Hopkins,vickiekelley@example.com,(775)266-1844x38612,"Torres, Pena and Ray",Healthcare,Chatbot,5853,Medium,Lost,Dominguezport,2026-01-29
338,Robert Gonzalez,coxmelissa@example.org,+1-826-462-0157x20185,"Sharp, Sanchez and Wilson",Technology,LinkedIn,21944,Medium,Qualified,Burnsburgh,2026-05-07
339,Patty Esparza,stricklandmichelle@example.net,(947)650-1111x7830,"Mcgee, Bauer and White",Finance,Instagram,11322,High,Qualified,Cookechester,2026-02-27
340,Ariana Brown,richardhaynes@example.com,+1-588-371-8981,Atkins Ltd,Finance,Referral,15695,Low,Lost,North Angela,2026-03-03
341,Carl Harris,christopherscott@example.org,518-645-8260,Shah PLC,Healthcare,Chatbot,33376,Low,Qualified,Donnamouth,2026-01-28
342,Melissa Mills,catherine83@example.net,503-703-2432,Anderson-Dean,Education,Chatbot,37152,Low,New,New Jonathanfurt,2026-05-07
343,Jennifer Miller,erica28@example.org,443-759-8926,Gray-Maynard,Education,LinkedIn,48111,Medium,New,North Joseph,2026-04-14
344,Joshua Jones,coxmatthew@example.com,(334)401-6361,"Chandler, Parker and Nicholson",Technology,Referral,5833,Low,Qualified,Davisstad,2026-05-17
345,Diane Nelson,mosleygeorge@example.com,(658)289-6792,"Palmer, Moore and Martinez",Education,Google Ads,45571,Medium,New,Bradleyview,2026-01-11
346,Margaret Wood,erikabarnes@example.com,(575)678-4468,"Hodge, Meza and Russell",Technology,Referral,42929,Medium,Qualified,Meganland,2026-01-15
347,Theresa Martin,millerjustin@example.com,8682277881,"Lee, Guerra and Smith",Technology,Website,9137,Medium,New,Parkstad,2026-02-17
348,Mary Knapp DVM,lawsontami@example.net,001-783-321-5285x06762,Sloan-Wright,Finance,LinkedIn,15776,Medium,New,West Kevinport,2026-02-21
349,Oscar Carroll,sandrahickman@example.net,207.797.0509x75451,"Lopez, Gomez and Garcia",Technology,Website,17423,Low,New,Gonzalezhaven,2026-04-10
350,Jennifer Gentry,moorediane@example.org,465.745.6284x1772,"Hamilton, Howard and Harrell",E-commerce,Instagram,41267,Medium,Converted,North Jake,2026-01-08
351,Jason Rivera,martinjames@example.com,+1-341-267-8725x68621,Moore PLC,Real Estate,Referral,11105,Low,New,Port Gabrielleton,2026-05-12
352,Jessica Harper,hamiltonkeith@example.com,363-692-8234,"Wright, Hoover and Gonzalez",Real Estate,Instagram,37937,Low,Lost,Lake Jessicaburgh,2026-02-06
353,Leslie Walters MD,richardhill@example.org,(660)593-1066,Rogers Group,E-commerce,Chatbot,38799,Medium,New,New Ronaldton,2026-03-01
354,Jack Hahn,dwright@example.org,3008534749,King Group,Education,Referral,42876,Low,Qualified,Matthewville,2026-01-19
355,Melanie Townsend,markfigueroa@example.com,001-398-295-3439x6112,"Donaldson, Henson and Roth",E-commerce,Instagram,32650,Low,New,Lake Sean,2026-01-20
356,Joshua Cooper,mmayo@example.net,001-820-323-6848x5571,Barnes-Velazquez,Retail,LinkedIn,4926,Low,New,East Carolberg,2026-02-26
357,Keith Bauer,joysanders@example.net,+1-881-627-8686,White and Sons,Healthcare,Instagram,40758,Low,Qualified,New Heather,2026-04-10
358,Michael Warren,melissa44@example.net,623-408-3402,Marks-Williams,Technology,Instagram,27130,Low,New,Port Jason,2026-01-23
359,Gregory Jacobs,mark84@example.net,(669)445-0053,Bonilla-Medina,Retail,Instagram,16842,Medium,New,Lake Juliefurt,2026-05-07
360,Mark Munoz,lisawalker@example.com,996.327.3652,White-Lopez,Healthcare,Website,4316,Medium,Lost,East Ashley,2026-05-22
361,Douglas Collins,lisamcdaniel@example.org,421-263-7618,"Garcia, Cruz and Rodriguez",Education,Facebook Ads,11466,High,New,Port Mariaton,2026-01-26
362,Bradley Thomas,sparksalbert@example.org,+1-651-732-7972,Moore-Brown,Healthcare,Chatbot,11442,Medium,Qualified,Courtneyville,2026-01-05
363,Ashley Phillips,othomas@example.org,966.425.4361,Walker LLC,Finance,Google Ads,2518,Low,New,Charlesmouth,2026-01-23
364,Tim Miller,munozgregory@example.net,392-262-4945x14754,Strickland and Sons,Healthcare,Facebook Ads,39230,Medium,New,Dylanmouth,2026-05-21
365,Vanessa Briggs,lanesusan@example.com,(815)922-6557,"Dudley, Guzman and Fields",Real Estate,Chatbot,43877,Medium,Qualified,Port Sherry,2026-02-17
366,Joshua Ryan,opatel@example.com,296-589-3135,Cox Group,Technology,Website,29241,Low,Qualified,North Brian,2026-03-09
367,Samuel Osborne,kenneththomas@example.net,(333)930-2126x06501,"Harrell, Johnson and Diaz",Technology,Google Ads,24982,Low,Qualified,East Chrisshire,2026-03-22
368,Clarence Manning,theodore57@example.net,001-804-812-0092x820,"Vaughan, Gibson and Dawson",Healthcare,Instagram,37256,Medium,Qualified,Samanthahaven,2026-03-01
369,Jessica Moore,boydtiffany@example.org,001-736-890-3628x9177,Martin-Pratt,Technology,Referral,19331,High,Qualified,Leeville,2026-01-21
370,Larry Bradford,allenfrancisco@example.org,539-604-3830,Davila PLC,Retail,Facebook Ads,7336,Medium,Qualified,New Valeriefort,2026-01-09
371,Brandon Parker,karen68@example.org,965-221-5681x82096,Martin-Fleming,Finance,Chatbot,10454,Low,New,Lake Christopherbury,2026-02-11
372,Martha Mack,victoriamason@example.net,+1-585-572-5459x606,"Lawson, Rubio and Bradley",Retail,Website,3550,Low,New,Davistown,2026-01-28
373,Emily Dillon,portershawn@example.org,621-949-5511x2747,"Glass, Case and Bonilla",Real Estate,Google Ads,10760,Medium,New,Williamsport,2026-03-19
374,Manuel Becker,nrichardson@example.com,(416)387-4090x380,Bennett-Hudson,Real Estate,Instagram,11649,Medium,Qualified,East Paulmouth,2026-05-10
375,John Day,lrodriguez@example.net,966-536-5155,"Figueroa, Wilson and Gibson",Finance,Referral,23044,Medium,Converted,South Dustin,2026-02-11
376,Andre Burke,zbrown@example.com,(873)303-0644x21214,Russo-Hayes,E-commerce,Referral,20647,Medium,Qualified,Warrenview,2026-02-05
377,Anna Valenzuela,tabitha42@example.org,(567)378-2659x608,"Contreras, Jensen and Morris",E-commerce,Website,28298,Medium,Qualified,Alexismouth,2026-01-29
378,Mr. Ricky Craig III,mcneilsherry@example.org,+1-779-510-3368x2963,Bonilla PLC,Education,Instagram,43964,High,Qualified,West Lisatown,2026-02-28
379,Kathryn Parrish,dbanks@example.com,(455)886-8512x76528,Mitchell-Keller,E-commerce,Website,39241,Medium,Converted,Waltersville,2026-01-18
380,Ashley Banks,vgarcia@example.net,+1-517-989-0463,"James, Gonzalez and Harrison",Real Estate,Chatbot,25916,Low,New,West Tammymouth,2026-03-22
381,Maria Mueller,xsmith@example.org,744.744.6306x00025,Haley Group,E-commerce,Website,13503,Low,New,New Teresa,2026-02-07
382,Jennifer Williams,oanderson@example.com,001-826-658-2631x2819,"Moore, Morris and Davis",Education,LinkedIn,14362,Medium,New,South Alexandershire,2026-01-30
383,Michael Knapp,armstronganthony@example.net,(575)823-3438,Hopkins-Hill,Technology,Chatbot,49223,High,Qualified,Lake Andrew,2026-04-23
384,Ashley Ho,rodriguezjustin@example.org,817-353-6170,Chung-Jones,Real Estate,Instagram,44399,Medium,Qualified,Brooksmouth,2026-05-04
385,Rhonda White,bergerdonna@example.net,+1-601-355-7998x028,Obrien PLC,Healthcare,Google Ads,35939,Medium,Converted,New Williamberg,2026-02-12
386,Ashley Robinson,dillon12@example.com,573-615-8477x686,Gonzalez Ltd,Technology,LinkedIn,45613,Medium,Converted,Suzanneville,2026-04-24
387,Laurie Martin,stephaniefreeman@example.com,(994)459-1966x39551,Rubio LLC,Healthcare,Facebook Ads,19284,Medium,Lost,Carterhaven,2026-03-10
388,Brian Lamb,wgibbs@example.org,235-752-5105,Marshall LLC,Finance,Chatbot,19940,High,Qualified,New Carl,2026-02-25
389,Kelsey Garcia,jennifer19@example.net,(965)453-3077x04611,"Murphy, Reyes and Ray",Finance,Referral,48294,Medium,Converted,Andrewshire,2026-01-01
390,Diane Skinner,ijohnson@example.net,7507171644,Miller-Hampton,Real Estate,Google Ads,26856,High,Qualified,Salazarfurt,2026-02-27
391,Jordan Allison,cameronsharon@example.org,4303021563,Ramsey LLC,Finance,LinkedIn,6179,Medium,Converted,Lake Mirandaview,2026-01-09
392,Travis Jones,hailey64@example.net,(829)971-2529,"Martinez, Rose and Lane",E-commerce,Google Ads,15023,Low,New,Braymouth,2026-05-31
393,Courtney Baker,jennifer58@example.org,+1-731-517-0303x76371,"Gill, Palmer and Edwards",Real Estate,LinkedIn,18800,Low,Qualified,Jeanetteberg,2026-04-08
394,Carlos Rangel,nhester@example.net,363.414.6249,Walter-Mcgee,Healthcare,Facebook Ads,4326,Medium,New,North Patricia,2026-02-06
395,John Schmidt,joseph81@example.com,(832)868-6850x74510,Carter Group,Healthcare,Website,7566,Medium,New,New Joshua,2026-04-28
396,Jeffrey Maldonado DDS,robinsonbrian@example.org,001-843-818-1439,Garcia-Gross,Technology,Facebook Ads,1339,High,New,Tylerburgh,2026-02-09
397,Dwayne Carlson,daviswesley@example.net,+1-274-932-5122x572,Cook-Thompson,Education,Google Ads,43633,Low,New,Nicoleburgh,2026-05-12
398,Alexandra Bell,faguilar@example.org,610.709.4388x2211,Henry-Bell,E-commerce,Website,6862,Medium,New,Elizabethview,2026-03-12
399,Ronald Turner,patricia97@example.org,880-726-3257x039,Garner and Sons,E-commerce,Chatbot,3444,High,New,Fowlerview,2026-05-02
400,Stephanie Cole,josephshelton@example.com,(996)744-3098x5916,Rodriguez-Smith,Technology,Facebook Ads,3381,High,New,South Erin,2026-04-12
401,Loretta Beck,tommy14@example.org,203.249.1074x065,Taylor-Koch,Healthcare,LinkedIn,19970,High,Qualified,North Jennifer,2026-01-28
402,Christina Richards MD,antoniofitzpatrick@example.org,+1-466-561-4494x29659,Taylor-Spencer,Real Estate,Website,22957,Medium,Qualified,Kevinport,2026-04-21
403,Julia White,hdavis@example.com,001-258-857-5676x670,Campos PLC,Education,Facebook Ads,34044,Medium,Lost,Kristinshire,2026-04-10
404,Marc Yoder,brian62@example.com,+1-907-787-0104x15914,Martinez PLC,Finance,Facebook Ads,48914,Medium,New,Lake Jamieberg,2026-04-20
405,Kathleen Walker,kevincollins@example.org,393.911.0291x8133,Wall Group,Retail,LinkedIn,23092,High,Qualified,Brownville,2026-02-28
406,William Wilkins,lorraine79@example.org,(320)922-3288x37744,Contreras-Myers,Healthcare,Facebook Ads,41039,High,New,South Robertchester,2026-01-29
407,Jim Elliott,carpenteraustin@example.net,+1-597-705-2774x02588,"Warren, Palmer and Thompson",Real Estate,Instagram,6684,Medium,Lost,West Diana,2026-04-20
408,Mike Buchanan,kristen46@example.org,+1-776-879-2988x4259,Williams Ltd,Healthcare,Google Ads,22207,High,Qualified,East Colin,2026-01-21
409,Mr. Franklin Hall DDS,danielgilmore@example.net,(461)709-4101x7590,Hale Group,Healthcare,Google Ads,18497,High,Converted,Lake Audrey,2026-02-08
410,John Shelton,jamesmartin@example.net,719.801.3020,"Payne, Jones and Lopez",Real Estate,Website,18141,Medium,New,Leeborough,2026-04-21
411,Kathryn Kelly,lauriegonzales@example.net,(719)212-8411x7309,Nicholson LLC,Retail,Google Ads,21106,Low,Lost,Peterstad,2026-01-14
412,Brooke Roberts,melissafrederick@example.net,669-508-1974x0056,Barron-Brown,E-commerce,Chatbot,21380,Medium,New,New Lisa,2026-03-06
413,Mary Johns,trevorshaffer@example.net,+1-205-316-9918x724,Crawford and Sons,Finance,Instagram,41280,Low,New,Ryanport,2026-06-01
414,Valerie Smith,johnsonkimberly@example.org,+1-496-808-7066,"Simmons, Taylor and Kim",Education,LinkedIn,40697,Medium,New,Michaelmouth,2026-03-26
415,Cynthia Davis,perezjulie@example.net,001-400-630-1027,Edwards PLC,Technology,Referral,44522,High,Qualified,West David,2026-03-19
416,Bryan Jones,shawna37@example.net,001-353-274-5843x8458,Mccullough-Thornton,Real Estate,Chatbot,6365,Medium,Qualified,Ramirezborough,2026-01-27
417,Kelly Torres,davidhardy@example.org,6378710704,Wilcox-Miller,Retail,Referral,8353,Low,Lost,Melissafurt,2026-04-07
418,James Wallace,jamielopez@example.com,+1-604-508-5095,Peterson PLC,Healthcare,Referral,36170,Low,New,Glennton,2026-01-22
419,Tiffany Randolph,michele87@example.com,001-298-642-6732,"Tapia, Miller and Wright",Education,Website,45583,Low,Qualified,Matthewfurt,2026-01-08
420,Heidi Hopkins,martinezashley@example.com,527-870-7070x578,Riley Inc,Real Estate,Google Ads,4646,Medium,New,Pennyside,2026-03-02
421,Jessica Scott,jordan72@example.org,+1-222-590-3102x8795,Lynn LLC,Real Estate,Website,37621,Medium,New,Allenstad,2026-04-15
422,Lindsay Bailey,hunterdaniel@example.org,435.295.6164,Lawson-Ward,Education,Instagram,1197,High,Qualified,Merrittstad,2026-04-02
423,Elizabeth Johnson,bradley29@example.org,893-258-8953,"Barber, James and Cuevas",Education,Instagram,46900,Low,Lost,North Susanbury,2026-04-20
424,Laura Kelley,hryan@example.net,6975887543,Sanchez-Saunders,Retail,Google Ads,3079,Medium,Lost,Jerrymouth,2026-05-26
425,Melissa Wallace,wcox@example.net,415.679.3763x92836,Peterson-Wilson,Technology,LinkedIn,48794,Medium,Converted,Fisherberg,2026-04-22
426,Stanley Gonzalez Jr.,hsmith@example.com,887-812-0602x128,Anderson-Terry,Education,Google Ads,25739,Medium,Qualified,Lake Kelly,2026-03-07
427,Stephanie Vargas,mcknightbrandon@example.net,(476)276-4722x981,"Watkins, Craig and Chavez",Technology,Instagram,8774,Low,Lost,Samuelhaven,2026-05-21
428,Theresa Davis,trevor09@example.net,698.764.5652x20368,Reed and Sons,Healthcare,LinkedIn,15594,High,Lost,West Joshuamouth,2026-02-13
429,Donna Hardin,middletonelizabeth@example.org,538-282-0908,Wall-Johnson,Education,LinkedIn,48126,Medium,Converted,West Shelly,2026-04-21
430,Jeremy Martinez,hphillips@example.net,001-517-367-4124x151,Moore-Rogers,Healthcare,Facebook Ads,31187,Medium,New,Mccoyhaven,2026-05-11
431,Michelle Edwards,hamiltonsarah@example.net,938-400-3296x33472,"Crawford, Anderson and Walters",E-commerce,Chatbot,8395,Low,Lost,New Mercedesborough,2026-01-01
432,John Carr,benjaminwatts@example.net,(793)957-8243x4776,Davis-Rodriguez,Retail,Facebook Ads,14505,Low,New,Robertmouth,2026-03-05
433,Jeffery Thompson,donna56@example.net,(577)896-3044,Hart LLC,Real Estate,LinkedIn,47090,High,Qualified,Emilychester,2026-03-17
434,Jessica Green,adamsjessica@example.com,+1-704-476-3928x3199,"Fernandez, Clements and Smith",Education,Google Ads,16357,Medium,New,Davismouth,2026-03-10
435,Kristen Pena,michaelgonzalez@example.org,+1-563-242-5563,Bruce PLC,Finance,Facebook Ads,48940,Medium,Converted,New Raymondfort,2026-01-09
436,Eric Hall,arthurbrady@example.com,+1-462-341-1186x0089,"Chapman, Myers and Decker",E-commerce,Chatbot,22015,Low,Lost,Kristenchester,2026-04-10
437,Elizabeth Stevens,bakerdiana@example.com,(846)213-6847x4883,Luna-Bean,Real Estate,Facebook Ads,28103,Medium,Qualified,South Jeffreytown,2026-03-19
438,Jillian Woods,daymartin@example.net,418-823-7931,"Massey, Mills and Franco",Real Estate,LinkedIn,12477,Medium,Converted,North Katrina,2026-02-18
439,Patrick Flowers,morrisannette@example.com,7439878753,"Webb, Peters and Singh",Retail,Instagram,43160,Medium,Qualified,North Ronaldland,2026-03-14
440,Adam Meyer,martinsamuel@example.org,8672287286,Wilson-Forbes,Education,Google Ads,10779,Medium,Lost,Alexandrastad,2026-04-20
441,Brenda Mills,leahcrane@example.com,494.477.3522x87056,Jones-Rowland,Education,Facebook Ads,15768,Medium,Lost,Jacquelineborough,2026-05-15
442,Jimmy Davis,ewheeler@example.com,+1-883-650-3446x9459,"Weaver, Hopkins and Jones",Retail,Referral,28045,High,Converted,North Jessica,2026-02-24
443,Justin Martinez,xrivera@example.net,+1-449-473-2033x192,Baxter-Morris,Education,Facebook Ads,17711,Low,New,East Williammouth,2026-03-24
444,Erin Mason,allenphillip@example.com,001-475-848-5819x324,"Alexander, Neal and King",Education,Chatbot,25318,Low,New,New Rachelstad,2026-02-04
445,Jacob Owens,jessica39@example.net,565.220.3758,"Collins, Davis and Wood",Education,LinkedIn,40647,Medium,Qualified,Wesleytown,2026-04-28
446,Matthew May,swilliams@example.net,340-290-7977x278,Johnson-Shannon,Technology,Referral,48468,Medium,Qualified,Lake Jill,2026-01-26
447,Roy Wilson,dwalsh@example.com,784-239-0552,"Powell, Monroe and Caldwell",Technology,Instagram,20869,High,Qualified,East Mandyhaven,2026-01-29
448,Angela Ramos,charlotte86@example.org,+1-304-348-5157x9197,White Inc,Healthcare,LinkedIn,8688,High,New,West Brittany,2026-01-04
449,Rachel Robinson,steven34@example.net,+1-532-540-6424x2956,Stephenson-Thompson,E-commerce,Referral,47122,Low,Converted,Jordanmouth,2026-02-21
450,Henry Cox,rgallegos@example.org,6965289365,Lyons-Gordon,Technology,Instagram,25947,Medium,Qualified,Christopherborough,2026-02-20
451,Dean Weeks,thomasmcdonald@example.com,(796)790-5150x267,"Leach, Lopez and Howard",Finance,Instagram,34607,High,Qualified,South Amy,2026-05-27
452,Robert Bryant,esimon@example.org,859-657-6403x816,"Morales, Johnson and Hunt",E-commerce,Google Ads,21986,High,Qualified,Oliviahaven,2026-02-08
453,Laura Taylor,kristina01@example.com,001-425-576-2702x32441,Kim Ltd,Retail,Referral,15501,High,Qualified,East Gail,2026-05-31
454,John Cooper,zpierce@example.net,476.873.1625,Villanueva-Weiss,Real Estate,Referral,48186,Medium,Qualified,Carlsonside,2026-01-14
455,Michael Cordova,walkercharlotte@example.org,(555)280-9961x327,Turner Inc,Healthcare,Google Ads,38341,High,Qualified,Patrickburgh,2026-03-24
456,Eric Leonard,ajohnson@example.org,(268)417-1516,Anderson-Hunter,E-commerce,Instagram,17864,High,Lost,Smithfurt,2026-03-24
457,Elizabeth Green,munozleah@example.com,757.658.5126x86120,Robertson PLC,E-commerce,LinkedIn,33151,Medium,Qualified,Grahammouth,2026-02-24
458,Sean Stevens,smallgina@example.com,(254)308-4245x60754,Dennis-Schmidt,E-commerce,Referral,33002,Low,Lost,Wrightland,2026-04-14
459,Nicholas Schultz,worozco@example.com,001-393-889-7015x502,"Baird, Miller and Pennington",Retail,Referral,3216,High,New,Robertotown,2026-02-05
460,Dawn Delgado,copelandryan@example.org,794.949.8830,Hodges Group,E-commerce,Website,1418,Medium,Qualified,Julieburgh,2026-02-23
461,Amber Ross,erikanelson@example.com,306.524.4795,Smith LLC,E-commerce,Facebook Ads,1599,Low,Lost,North Cheryl,2026-05-22
462,Samantha Matthews,amber78@example.org,255-357-2773x82646,"Tucker, Mercer and Miller",Real Estate,LinkedIn,44696,High,Qualified,Kevinmouth,2026-03-29
463,Alyssa Weber,claudiacunningham@example.com,001-504-587-3682x69116,Duncan and Sons,Retail,Website,35879,Medium,Qualified,Port Kimberly,2026-05-23
464,Krista Bell,robertgreene@example.com,001-451-458-8863x67747,Roberts-Patel,E-commerce,Instagram,36110,High,Qualified,Kathrynburgh,2026-05-13
465,Janet Delgado,ojenkins@example.org,+1-532-499-8199x605,"Garrett, Cohen and Crane",E-commerce,LinkedIn,29218,High,Qualified,Lake Carolynfurt,2026-04-18
466,Cheryl Gentry,pwood@example.org,935.524.1039x7739,Kaufman PLC,Retail,Referral,10758,Low,Qualified,Port Cassandramouth,2026-01-31
467,Nathan Jones,flemingrichard@example.net,661.864.8198x0770,"Mack, Cox and Moran",Technology,Instagram,18519,High,New,Pattersonville,2026-01-21
468,Dennis Bryan,bowenmichael@example.net,623-973-4151x77345,Cobb-Lyons,Education,Google Ads,38027,Low,New,Brookeberg,2026-01-29
469,Allison Beard,jennifer42@example.net,+1-247-574-2229x4643,"Turner, Silva and Green",Technology,Chatbot,6283,Medium,Lost,Woodsburgh,2026-03-08
470,Laurie Mason,nicholas72@example.net,327.560.1534x3324,Porter-Hudson,Retail,Google Ads,25855,Medium,Qualified,Port Juliehaven,2026-02-14
471,Heidi Johnson,cranewilliam@example.com,+1-588-610-7983,"White, Mayer and Mathews",Retail,LinkedIn,12231,Low,Qualified,Lake Jennifer,2026-02-04
472,Lee Arnold,pauljessica@example.org,(984)903-3399,Herrera Inc,Finance,Referral,7249,High,Qualified,Kristyland,2026-02-08
473,Jeremy Alvarez,danielsjason@example.com,890-696-1739x9704,Welch-Murphy,Technology,LinkedIn,38144,Medium,New,Palmerport,2026-02-21
474,Danielle Hill,connie12@example.com,6583772216,Peterson-Mcdaniel,E-commerce,Instagram,36588,Medium,New,East Kimberly,2026-05-29
475,Eric Torres,tgarcia@example.net,492.752.3622,"Zavala, Valdez and Kramer",Technology,Instagram,2026,High,Qualified,Jeremyview,2026-04-02
476,Sandra Wood,matthew55@example.com,269-566-0606x5274,Bates LLC,Technology,LinkedIn,27102,High,Converted,Marissatown,2026-03-04
477,James Grant,laurenwilliamson@example.com,511-632-5797x067,"Willis, Brown and Brown",Healthcare,Referral,26503,Medium,Converted,Joshuastad,2026-03-27
478,Ashley Taylor,nguyenkimberly@example.com,(529)749-3817,"Payne, Guerrero and Hawkins",Technology,LinkedIn,10171,High,Qualified,Hannahberg,2026-05-30
479,Shelby Lyons,susan57@example.net,625.673.7553,"Adkins, Johnson and Wilson",Finance,Website,7401,Medium,New,Simmonsfort,2026-01-10
480,Amy Mayo,allen60@example.net,387-949-5119x18182,"Santos, Lee and Jones",Technology,Referral,40033,Medium,Converted,Meyersmouth,2026-03-29
481,Wendy Hernandez,charles95@example.com,460.669.4096x00356,Silva LLC,Finance,Chatbot,30527,Medium,Converted,Valdezborough,2026-05-30
482,Tammy Barry,jacobhernandez@example.com,(310)789-0285,Hebert-Barrett,Education,Google Ads,13172,Medium,New,West Frank,2026-02-22
483,Thomas Barton,taylorrachel@example.com,860-573-6077,Wise PLC,Real Estate,Instagram,17151,High,New,North Tanyahaven,2026-04-23
484,Barbara Sherman,shepardjoy@example.com,001-256-233-1857x4817,Lara-Ross,Education,LinkedIn,42543,Low,Qualified,West Michaelport,2026-01-13
485,Ryan Turner,santoslisa@example.com,4454023290,Neal Inc,Retail,Website,1340,High,Qualified,New Leahport,2026-03-14
486,Samantha Barnes,sharonsanford@example.net,+1-225-212-0734x65495,Johnson-Ruiz,Finance,Website,9683,Low,New,South Brandon,2026-03-15
487,Miranda Jackson,smithphyllis@example.org,(611)477-6872x90477,Douglas-Diaz,Real Estate,Referral,27741,Low,New,South Trevorshire,2026-02-08
488,Jose Trujillo,jeremiahmiller@example.org,001-664-491-3342x457,Henderson-Stanley,Retail,Referral,40193,High,Converted,Lake Rebeccafurt,2026-05-03
489,Craig White,cynthiaconley@example.org,(865)909-7753,Chavez LLC,Education,Google Ads,6550,High,New,Wilsonview,2026-05-08
490,Tammy Rogers,jonathanroman@example.com,001-587-915-8415x60821,Martinez Ltd,Healthcare,Referral,35151,Low,Qualified,Davidstad,2026-03-01
491,Juan Ayers,raymondpugh@example.net,223.703.5892,"Hall, Valentine and Schmidt",Finance,Instagram,18590,Medium,New,Erikburgh,2026-05-04
492,Lisa Bridges,amberfriedman@example.com,940.764.6867,Griffith LLC,Finance,Google Ads,20644,Medium,New,North Johnside,2026-05-10
493,Thomas Austin,brownrobert@example.org,623.462.6693x3513,Martinez-Singh,Healthcare,LinkedIn,41962,Medium,Converted,East Scott,2026-05-11
494,Garrett Walsh,alexandria97@example.org,+1-374-918-9721x54064,Richards-Walter,Retail,Facebook Ads,20966,Low,New,Blakebury,2026-04-12
495,Zachary Morrison,john76@example.com,7143448564,Garcia Group,Real Estate,Google Ads,22596,Medium,New,New Troy,2026-04-25
496,Derek Osborn,kcastro@example.com,+1-786-809-1919x113,Higgins-Williams,Technology,LinkedIn,39954,Low,Converted,Phelpsshire,2026-04-12
497,James Trujillo,bcaldwell@example.org,001-620-751-4607,"Cooper, Beltran and Wright",E-commerce,Facebook Ads,32392,Medium,Lost,Bowersmouth,2026-03-30
498,Madison Mack,jasontownsend@example.net,+1-656-352-7155x9835,"Davis, Sullivan and Howell",Finance,LinkedIn,46544,Medium,Qualified,Port Patrick,2026-02-21
499,Karla Rogers,whuang@example.org,(650)413-9488,Montgomery-Jones,Finance,Google Ads,19369,High,Qualified,North Jenniferfurt,2026-02-21
500,Gerald Gomez,samanthagarcia@example.net,999-515-3703x8240,"Lucero, Sanchez and Perez",Real Estate,Facebook Ads,39812,High,Converted,East Alexander,2026-02-17
